city,lat,lon,week_start_date,max_weekly_temp_c,total_weekly_precip_mm,max_daily_precip_mm,max_weekly_wind_kmh,disruption_occurred
Delhi,28.6139,77.209,2014-01-06,19.6,0.0,0.0,14.0,0
Delhi,28.6139,77.209,2014-01-13,19.5,0.0,0.0,14.7,0
Delhi,28.6139,77.209,2014-01-20,19.7,27.400000000000002,19.1,18.1,0
Delhi,28.6139,77.209,2014-01-27,21.4,26.7,22.4,18.2,0
Delhi,28.6139,77.209,2014-02-03,24.5,0.0,0.0,15.6,0
Delhi,28.6139,77.209,2014-02-10,23.9,2.1,1.3,18.1,0
Delhi,28.6139,77.209,2014-02-17,19.8,15.899999999999999,14.7,21.9,0
Delhi,28.6139,77.209,2014-02-24,23.4,0.5,0.5,19.2,0
Delhi,28.6139,77.209,2014-03-03,24.4,14.899999999999999,8.2,15.6,0
Delhi,28.6139,77.209,2014-03-10,27.0,2.8,1.7,19.3,0
Delhi,28.6139,77.209,2014-03-17,31.1,27.799999999999997,17.2,25.9,0
Delhi,28.6139,77.209,2014-03-24,30.4,2.3,1.1,18.1,0
Delhi,28.6139,77.209,2014-03-31,30.5,0.7000000000000001,0.4,20.7,0
Delhi,28.6139,77.209,2014-04-07,36.2,1.6,1.5,20.3,0
Delhi,28.6139,77.209,2014-04-14,35.6,2.0,1.0,23.6,0
Delhi,28.6139,77.209,2014-04-21,35.2,14.2,11.0,15.5,0
Delhi,28.6139,77.209,2014-04-28,39.0,0.2,0.2,20.5,0
Delhi,28.6139,77.209,2014-05-05,42.2,3.9999999999999996,2.3,18.1,0
Delhi,28.6139,77.209,2014-05-12,39.7,4.9,1.9,21.1,0
Delhi,28.6139,77.209,2014-05-19,38.0,0.0,0.0,19.2,0
Delhi,28.6139,77.209,2014-05-26,42.1,3.1,1.6,22.7,0
Delhi,28.6139,77.209,2014-06-02,41.9,1.1,0.9,18.6,0
Delhi,28.6139,77.209,2014-06-09,44.9,0.0,0.0,19.8,0
Delhi,28.6139,77.209,2014-06-16,44.3,3.4000000000000004,1.8,31.3,0
Delhi,28.6139,77.209,2014-06-23,42.0,4.2,2.9,24.2,0
Delhi,28.6139,77.209,2014-06-30,39.3,10.2,5.0,18.4,0
Delhi,28.6139,77.209,2014-07-07,39.1,4.6000000000000005,2.6,17.3,0
Delhi,28.6139,77.209,2014-07-14,41.4,2.0,1.6,24.0,0
Delhi,28.6139,77.209,2014-07-21,36.7,45.1,19.3,19.8,0
Delhi,28.6139,77.209,2014-07-28,34.4,17.1,7.2,22.7,0
Delhi,28.6139,77.209,2014-08-04,34.0,89.0,32.8,16.3,0
Delhi,28.6139,77.209,2014-08-11,33.3,34.6,22.2,21.5,0
Delhi,28.6139,77.209,2014-08-18,34.3,5.3999999999999995,3.8,23.2,0
Delhi,28.6139,77.209,2014-08-25,39.5,0.0,0.0,18.4,0
Delhi,28.6139,77.209,2014-09-01,39.2,20.099999999999998,5.6,24.4,0
Delhi,28.6139,77.209,2014-09-08,32.3,72.7,24.9,26.4,0
Delhi,28.6139,77.209,2014-09-15,32.9,18.799999999999997,10.7,13.8,0
Delhi,28.6139,77.209,2014-09-22,36.1,0.4,0.3,18.2,0
Delhi,28.6139,77.209,2014-09-29,36.1,0.0,0.0,22.4,0
Delhi,28.6139,77.209,2014-10-06,36.9,0.0,0.0,14.4,0
Delhi,28.6139,77.209,2014-10-13,35.3,0.5,0.5,17.7,0
Delhi,28.6139,77.209,2014-10-20,32.3,4.2,3.7,17.3,0
Delhi,28.6139,77.209,2014-10-27,32.5,2.4,2.4,18.6,0
Delhi,28.6139,77.209,2014-11-03,31.7,0.1,0.1,16.9,0
Delhi,28.6139,77.209,2014-11-10,31.6,0.0,0.0,16.5,0
Delhi,28.6139,77.209,2014-11-17,28.1,0.0,0.0,15.1,0
Delhi,28.6139,77.209,2014-11-24,27.0,0.0,0.0,12.5,0
Delhi,28.6139,77.209,2014-12-01,28.7,0.0,0.0,19.4,0
Delhi,28.6139,77.209,2014-12-08,27.7,0.0,0.0,21.1,0
Delhi,28.6139,77.209,2014-12-15,25.1,6.6,4.3,20.5,0
Delhi,28.6139,77.209,2014-12-22,19.9,0.0,0.0,16.8,0
Delhi,28.6139,77.209,2014-12-29,19.7,0.0,0.0,19.6,0
Delhi,28.6139,77.209,2015-01-05,21.3,4.3,4.2,27.0,0
Delhi,28.6139,77.209,2015-01-12,20.6,0.0,0.0,21.7,0
Delhi,28.6139,77.209,2015-01-19,20.4,4.1,4.1,19.7,0
Delhi,28.6139,77.209,2015-01-26,19.2,20.8,17.0,17.0,0
Delhi,28.6139,77.209,2015-02-02,21.7,1.2,1.2,21.0,0
Delhi,28.6139,77.209,2015-02-09,23.1,15.299999999999999,13.2,19.5,0
Delhi,28.6139,77.209,2015-02-16,26.5,0.0,0.0,21.9,0
Delhi,28.6139,77.209,2015-02-23,27.1,15.2,12.0,25.1,0
Delhi,28.6139,77.209,2015-03-02,27.2,51.2,22.9,30.8,0
Delhi,28.6139,77.209,2015-03-09,25.5,16.3,10.5,18.8,0
Delhi,28.6139,77.209,2015-03-16,26.5,34.300000000000004,20.6,19.6,0
Delhi,28.6139,77.209,2015-03-23,31.1,0.0,0.0,18.6,0
Delhi,28.6139,77.209,2015-03-30,34.1,5.5,5.1,24.5,0
Delhi,28.6139,77.209,2015-04-06,33.3,29.3,17.8,15.4,0
Delhi,28.6139,77.209,2015-04-13,34.1,13.0,7.1,17.1,0
Delhi,28.6139,77.209,2015-04-20,39.4,0.7,0.6,18.5,0
Delhi,28.6139,77.209,2015-04-27,39.3,1.2,0.9,25.6,0
Delhi,28.6139,77.209,2015-05-04,38.9,5.0,3.9,27.3,0
Delhi,28.6139,77.209,2015-05-11,42.7,0.8,0.8,21.6,0
Delhi,28.6139,77.209,2015-05-18,41.2,12.2,5.8,24.4,0
Delhi,28.6139,77.209,2015-05-25,44.1,1.4,1.4,23.7,0
Delhi,28.6139,77.209,2015-06-01,44.0,0.30000000000000004,0.2,20.5,0
Delhi,28.6139,77.209,2015-06-08,42.5,0.9,0.5,17.1,0
Delhi,28.6139,77.209,2015-06-15,42.6,12.3,5.6,29.3,0
Delhi,28.6139,77.209,2015-06-22,39.2,3.9,1.7,22.3,0
Delhi,28.6139,77.209,2015-06-29,38.2,49.8,32.6,19.0,0
Delhi,28.6139,77.209,2015-07-06,37.3,21.3,12.3,23.8,0
Delhi,28.6139,77.209,2015-07-13,32.0,163.5,61.6,20.0,1
Delhi,28.6139,77.209,2015-07-20,34.8,73.5,35.2,23.6,0
Delhi,28.6139,77.209,2015-07-27,32.1,15.9,5.6,30.8,0
Delhi,28.6139,77.209,2015-08-03,33.0,11.3,5.5,23.4,0
Delhi,28.6139,77.209,2015-08-10,33.0,116.60000000000001,53.0,13.1,1
Delhi,28.6139,77.209,2015-08-17,33.1,36.4,11.1,14.9,0
Delhi,28.6139,77.209,2015-08-24,33.6,13.4,5.1,20.9,0
Delhi,28.6139,77.209,2015-08-31,34.3,2.5,1.6,19.2,0
Delhi,28.6139,77.209,2015-09-07,34.8,0.0,0.0,19.4,0
Delhi,28.6139,77.209,2015-09-14,36.3,0.3,0.3,19.5,0
Delhi,28.6139,77.209,2015-09-21,35.5,40.8,24.3,17.4,0
Delhi,28.6139,77.209,2015-09-28,33.2,2.3,2.0,20.9,0
Delhi,28.6139,77.209,2015-10-05,35.5,0.0,0.0,14.7,0
Delhi,28.6139,77.209,2015-10-12,36.3,0.0,0.0,19.4,0
Delhi,28.6139,77.209,2015-10-19,34.1,8.8,7.3,16.3,0
Delhi,28.6139,77.209,2015-10-26,34.0,1.8,1.5,15.8,0
Delhi,28.6139,77.209,2015-11-02,29.9,5.5,5.5,17.7,0
Delhi,28.6139,77.209,2015-11-09,28.8,0.2,0.2,16.2,0
Delhi,28.6139,77.209,2015-11-16,29.7,1.6,1.0,16.3,0
Delhi,28.6139,77.209,2015-11-23,27.5,0.0,0.0,14.7,0
Delhi,28.6139,77.209,2015-11-30,27.6,0.0,0.0,16.7,0
Delhi,28.6139,77.209,2015-12-07,26.8,0.0,0.0,14.1,0
Delhi,28.6139,77.209,2015-12-14,25.4,0.2,0.2,16.4,0
Delhi,28.6139,77.209,2015-12-21,21.0,0.0,0.0,14.8,0
Delhi,28.6139,77.209,2015-12-28,23.7,0.0,0.0,16.9,0
Delhi,28.6139,77.209,2016-01-04,23.9,0.0,0.0,18.4,0
Delhi,28.6139,77.209,2016-01-11,24.5,0.5,0.5,19.0,0
Delhi,28.6139,77.209,2016-01-18,23.9,0.0,0.0,16.1,0
Delhi,28.6139,77.209,2016-01-25,19.4,0.0,0.0,13.2,0
Delhi,28.6139,77.209,2016-02-01,25.5,0.7,0.5,14.0,0
Delhi,28.6139,77.209,2016-02-08,23.1,4.0,4.0,20.6,0
Delhi,28.6139,77.209,2016-02-15,24.7,0.7,0.7,16.1,0
Delhi,28.6139,77.209,2016-02-22,28.8,16.0,14.4,22.8,0
Delhi,28.6139,77.209,2016-02-29,28.0,0.0,0.0,15.8,0
Delhi,28.6139,77.209,2016-03-07,31.9,14.999999999999998,12.2,18.5,0
Delhi,28.6139,77.209,2016-03-14,30.9,25.299999999999997,22.2,20.7,0
Delhi,28.6139,77.209,2016-03-21,31.4,0.6,0.5,24.2,0
Delhi,28.6139,77.209,2016-03-28,34.7,0.0,0.0,26.7,0
Delhi,28.6139,77.209,2016-04-04,38.5,1.8,1.8,15.5,0
Delhi,28.6139,77.209,2016-04-11,36.3,0.0,0.0,20.4,0
Delhi,28.6139,77.209,2016-04-18,41.0,0.0,0.0,26.2,0
Delhi,28.6139,77.209,2016-04-25,38.9,0.1,0.1,24.5,0
Delhi,28.6139,77.209,2016-05-02,42.5,0.6000000000000001,0.4,18.6,0
Delhi,28.6139,77.209,2016-05-09,38.9,3.2,1.6,21.7,0
Delhi,28.6139,77.209,2016-05-16,42.7,1.2,1.0,23.4,0
Delhi,28.6139,77.209,2016-05-23,43.1,6.9,4.5,24.6,0
Delhi,28.6139,77.209,2016-05-30,40.9,17.0,6.9,22.1,0
Delhi,28.6139,77.209,2016-06-06,42.4,6.6,3.3,21.5,0
Delhi,28.6139,77.209,2016-06-13,41.6,9.0,3.6,22.0,0
Delhi,28.6139,77.209,2016-06-20,37.5,18.6,14.8,20.6,0
Delhi,28.6139,77.209,2016-06-27,38.9,10.2,3.3,17.3,0
Delhi,28.6139,77.209,2016-07-04,37.8,128.8,67.9,16.4,1
Delhi,28.6139,77.209,2016-07-11,34.7,12.5,4.3,13.7,0
Delhi,28.6139,77.209,2016-07-18,33.0,204.9,75.4,16.0,1
Delhi,28.6139,77.209,2016-07-25,35.3,18.5,7.4,18.8,0
Delhi,28.6139,77.209,2016-08-01,31.3,76.7,18.9,20.3,0
Delhi,28.6139,77.209,2016-08-08,33.7,24.9,10.6,17.6,0
Delhi,28.6139,77.209,2016-08-15,33.1,70.7,14.1,18.4,0
Delhi,28.6139,77.209,2016-08-22,33.4,12.3,7.1,22.1,0
Delhi,28.6139,77.209,2016-08-29,32.9,42.2,13.7,19.1,0
Delhi,28.6139,77.209,2016-09-05,32.0,50.8,24.3,21.4,0
Delhi,28.6139,77.209,2016-09-12,33.1,0.1,0.1,21.5,0
Delhi,28.6139,77.209,2016-09-19,33.6,0.1,0.1,11.6,0
Delhi,28.6139,77.209,2016-09-26,34.6,2.4,2.0,19.2,0
Delhi,28.6139,77.209,2016-10-03,33.8,2.1,1.7,12.2,0
Delhi,28.6139,77.209,2016-10-10,34.0,9.4,7.7,15.6,0
Delhi,28.6139,77.209,2016-10-17,34.0,0.0,0.0,15.3,0
Delhi,28.6139,77.209,2016-10-24,33.6,0.0,0.0,20.6,0
Delhi,28.6139,77.209,2016-10-31,32.8,0.0,0.0,16.6,0
Delhi,28.6139,77.209,2016-11-07,29.8,0.0,0.0,16.3,0
Delhi,28.6139,77.209,2016-11-14,29.5,0.0,0.0,17.7,0
Delhi,28.6139,77.209,2016-11-21,28.7,0.0,0.0,18.4,0
Delhi,28.6139,77.209,2016-11-28,29.4,0.0,0.0,23.1,0
Delhi,28.6139,77.209,2016-12-05,26.5,0.0,0.0,10.6,0
Delhi,28.6139,77.209,2016-12-12,25.7,0.0,0.0,9.6,0
Delhi,28.6139,77.209,2016-12-19,24.4,0.0,0.0,18.0,0
Delhi,28.6139,77.209,2016-12-26,24.9,0.0,0.0,21.1,0
Delhi,28.6139,77.209,2017-01-02,23.4,0.0,0.0,13.2,0
Delhi,28.6139,77.209,2017-01-09,23.4,7.2,5.4,18.1,0
Delhi,28.6139,77.209,2017-01-16,20.2,0.2,0.2,17.6,0
Delhi,28.6139,77.209,2017-01-23,23.5,0.1,0.1,16.4,0
Delhi,28.6139,77.209,2017-01-30,25.1,47.89999999999999,33.3,22.0,0
Delhi,28.6139,77.209,2017-02-06,22.5,3.3000000000000003,3.2,23.5,0
Delhi,28.6139,77.209,2017-02-13,23.0,0.0,0.0,18.9,0
Delhi,28.6139,77.209,2017-02-20,29.4,0.0,0.0,18.3,0
Delhi,28.6139,77.209,2017-02-27,27.4,0.0,0.0,27.3,0
Delhi,28.6139,77.209,2017-03-06,29.2,4.2,2.9,20.9,0
Delhi,28.6139,77.209,2017-03-13,27.5,14.9,12.1,21.3,0
Delhi,28.6139,77.209,2017-03-20,29.5,1.3,1.3,21.1,0
Delhi,28.6139,77.209,2017-03-27,36.0,0.2,0.2,26.5,0
Delhi,28.6139,77.209,2017-04-03,37.7,0.0,0.0,25.1,0
Delhi,28.6139,77.209,2017-04-10,36.5,1.1,1.1,31.8,0
Delhi,28.6139,77.209,2017-04-17,40.6,0.0,0.0,29.9,0
Delhi,28.6139,77.209,2017-04-24,41.5,4.1,2.1,27.2,0
Delhi,28.6139,77.209,2017-05-01,38.4,0.4,0.3,25.5,0
Delhi,28.6139,77.209,2017-05-08,42.0,0.0,0.0,25.5,0
Delhi,28.6139,77.209,2017-05-15,42.6,3.3,1.8,24.0,0
Delhi,28.6139,77.209,2017-05-22,40.8,3.0,1.0,23.5,0
Delhi,28.6139,77.209,2017-05-29,42.5,3.2,2.4,24.5,0
Delhi,28.6139,77.209,2017-06-05,44.0,0.7,0.5,28.1,0
Delhi,28.6139,77.209,2017-06-12,40.8,5.8,3.8,29.8,0
Delhi,28.6139,77.209,2017-06-19,41.0,18.7,7.0,21.1,0
Delhi,28.6139,77.209,2017-06-26,37.0,20.6,10.2,18.3,0
Delhi,28.6139,77.209,2017-07-03,36.7,70.3,24.1,21.4,0
Delhi,28.6139,77.209,2017-07-10,36.4,7.4,3.8,24.8,0
Delhi,28.6139,77.209,2017-07-17,34.7,24.2,9.6,21.0,0
Delhi,28.6139,77.209,2017-07-24,35.2,39.4,14.0,23.4,0
Delhi,28.6139,77.209,2017-07-31,32.8,30.8,17.6,24.9,0
Delhi,28.6139,77.209,2017-08-07,33.4,31.9,17.7,21.9,0
Delhi,28.6139,77.209,2017-08-14,34.1,41.2,17.3,31.3,0
Delhi,28.6139,77.209,2017-08-21,35.8,13.5,6.3,20.2,0
Delhi,28.6139,77.209,2017-08-28,32.6,48.699999999999996,26.7,22.0,0
Delhi,28.6139,77.209,2017-09-04,32.8,95.5,33.7,21.0,0
Delhi,28.6139,77.209,2017-09-11,34.5,2.3000000000000003,1.5,16.5,0
Delhi,28.6139,77.209,2017-09-18,34.8,0.0,0.0,17.4,0
Delhi,28.6139,77.209,2017-09-25,35.7,30.5,18.0,19.9,0
Delhi,28.6139,77.209,2017-10-02,35.5,0.0,0.0,14.1,0
Delhi,28.6139,77.209,2017-10-09,35.0,0.0,0.0,15.3,0
Delhi,28.6139,77.209,2017-10-16,35.7,0.0,0.0,13.0,0
Delhi,28.6139,77.209,2017-10-23,35.0,0.0,0.0,16.1,0
Delhi,28.6139,77.209,2017-10-30,33.2,0.0,0.0,16.3,0
Delhi,28.6139,77.209,2017-11-06,30.5,0.0,0.0,10.5,0
Delhi,28.6139,77.209,2017-11-13,29.1,0.0,0.0,11.6,0
Delhi,28.6139,77.209,2017-11-20,27.5,0.4,0.2,17.6,0
Delhi,28.6139,77.209,2017-11-27,25.1,0.0,0.0,18.2,0
Delhi,28.6139,77.209,2017-12-04,25.8,0.0,0.0,11.7,0
Delhi,28.6139,77.209,2017-12-11,23.9,2.2,2.1,16.1,0
Delhi,28.6139,77.209,2017-12-18,23.5,5.6,5.6,20.8,0
Delhi,28.6139,77.209,2017-12-25,23.3,0.0,0.0,20.1,0
Delhi,28.6139,77.209,2018-01-01,22.5,0.0,0.0,12.0,0
Delhi,28.6139,77.209,2018-01-08,20.2,0.0,0.0,17.2,0
Delhi,28.6139,77.209,2018-01-15,21.9,0.0,0.0,18.9,0
Delhi,28.6139,77.209,2018-01-22,23.8,0.0,0.0,17.2,0
Delhi,28.6139,77.209,2018-01-29,21.9,6.8,6.0,16.6,0
Delhi,28.6139,77.209,2018-02-05,25.4,0.0,0.0,23.3,0
Delhi,28.6139,77.209,2018-02-12,23.8,4.5,2.9,22.0,0
Delhi,28.6139,77.209,2018-02-19,25.4,0.0,0.0,22.9,0
Delhi,28.6139,77.209,2018-02-26,29.9,2.1999999999999997,1.9,23.4,0
Delhi,28.6139,77.209,2018-03-05,30.8,1.2,1.2,17.6,0
Delhi,28.6139,77.209,2018-03-12,32.1,1.1,1.1,20.1,0
Delhi,28.6139,77.209,2018-03-19,34.0,0.0,0.0,20.9,0
Delhi,28.6139,77.209,2018-03-26,33.8,2.1,1.6,22.4,0
Delhi,28.6139,77.209,2018-04-02,35.5,0.0,0.0,23.7,0
Delhi,28.6139,77.209,2018-04-09,37.2,13.100000000000001,3.5,24.7,0
Delhi,28.6139,77.209,2018-04-16,37.0,11.2,5.4,22.8,0
Delhi,28.6139,77.209,2018-04-23,39.0,2.4000000000000004,1.3,26.9,0
Delhi,28.6139,77.209,2018-04-30,41.2,3.2,1.2,26.7,0
Delhi,28.6139,77.209,2018-05-07,38.2,16.4,10.5,28.7,0
Delhi,28.6139,77.209,2018-05-14,40.1,10.6,3.8,30.2,0
Delhi,28.6139,77.209,2018-05-21,40.8,1.9,1.5,20.5,0
Delhi,28.6139,77.209,2018-05-28,43.0,0.1,0.1,22.9,0
Delhi,28.6139,77.209,2018-06-04,41.7,5.5,4.8,27.9,0
Delhi,28.6139,77.209,2018-06-11,39.8,18.599999999999998,15.2,24.6,0
Delhi,28.6139,77.209,2018-06-18,41.8,0.8,0.6,28.7,0
Delhi,28.6139,77.209,2018-06-25,41.7,0.0,0.0,21.3,0
Delhi,28.6139,77.209,2018-07-02,36.2,73.3,29.8,26.0,0
Delhi,28.6139,77.209,2018-07-09,37.2,5.6,4.8,19.0,0
Delhi,28.6139,77.209,2018-07-16,37.0,61.6,25.5,16.9,0
Delhi,28.6139,77.209,2018-07-23,33.2,93.9,30.6,18.0,0
Delhi,28.6139,77.209,2018-07-30,33.3,47.8,16.3,22.0,0
Delhi,28.6139,77.209,2018-08-06,34.3,9.0,4.6,20.3,0
Delhi,28.6139,77.209,2018-08-13,33.6,41.9,19.4,20.4,0
Delhi,28.6139,77.209,2018-08-20,33.1,30.1,7.4,14.2,0
Delhi,28.6139,77.209,2018-08-27,33.1,43.6,12.4,20.5,0
Delhi,28.6139,77.209,2018-09-03,33.8,65.5,32.7,13.7,0
Delhi,28.6139,77.209,2018-09-10,31.6,37.0,9.0,23.5,0
Delhi,28.6139,77.209,2018-09-17,32.7,3.4,3.0,19.4,0
Delhi,28.6139,77.209,2018-09-24,33.4,85.2,50.6,27.8,1
Delhi,28.6139,77.209,2018-10-01,32.5,0.9,0.6,19.7,0
Delhi,28.6139,77.209,2018-10-08,33.3,1.0,1.0,12.0,0
Delhi,28.6139,77.209,2018-10-15,31.9,1.5,1.3,20.6,0
Delhi,28.6139,77.209,2018-10-22,32.5,0.4,0.4,21.0,0
Delhi,28.6139,77.209,2018-10-29,30.2,0.0,0.0,13.0,0
Delhi,28.6139,77.209,2018-11-05,30.0,0.1,0.1,20.5,0
Delhi,28.6139,77.209,2018-11-12,28.0,0.0,0.0,17.5,0
Delhi,28.6139,77.209,2018-11-19,28.0,1.8000000000000003,1.1,20.4,0
Delhi,28.6139,77.209,2018-11-26,27.2,0.0,0.0,21.3,0
Delhi,28.6139,77.209,2018-12-03,25.8,0.0,0.0,14.6,0
Delhi,28.6139,77.209,2018-12-10,23.4,0.1,0.1,14.1,0
Delhi,28.6139,77.209,2018-12-17,21.5,0.9,0.8,15.3,0
Delhi,28.6139,77.209,2018-12-24,20.4,0.0,0.0,14.0,0
Delhi,28.6139,77.209,2018-12-31,20.7,0.0,0.0,19.1,0
Delhi,28.6139,77.209,2019-01-07,21.0,2.3,2.3,18.1,0
Delhi,28.6139,77.209,2019-01-14,20.9,0.0,0.0,20.9,0
Delhi,28.6139,77.209,2019-01-21,24.8,6.5,6.5,23.2,0
Delhi,28.6139,77.209,2019-01-28,19.5,17.4,16.9,24.8,0
Delhi,28.6139,77.209,2019-02-04,20.8,0.8,0.6,18.0,0
Delhi,28.6139,77.209,2019-02-11,23.1,22.299999999999997,12.7,27.2,0
Delhi,28.6139,77.209,2019-02-18,23.5,9.1,4.5,22.9,0
Delhi,28.6139,77.209,2019-02-25,25.4,3.2,2.6,20.2,0
Delhi,28.6139,77.209,2019-03-04,22.5,25.099999999999998,11.2,17.1,0
Delhi,28.6139,77.209,2019-03-11,26.4,1.7,1.7,24.2,0
Delhi,28.6139,77.209,2019-03-18,27.2,0.3,0.3,23.7,0
Delhi,28.6139,77.209,2019-03-25,31.2,0.5,0.5,23.9,0
Delhi,28.6139,77.209,2019-04-01,35.9,0.0,0.0,22.5,0
Delhi,28.6139,77.209,2019-04-08,37.8,0.2,0.2,31.2,0
Delhi,28.6139,77.209,2019-04-15,38.5,0.0,0.0,19.6,0
Delhi,28.6139,77.209,2019-04-22,37.3,5.3,4.6,19.8,0
Delhi,28.6139,77.209,2019-04-29,40.8,0.0,0.0,29.4,0
Delhi,28.6139,77.209,2019-05-06,41.5,0.5,0.5,24.2,0
Delhi,28.6139,77.209,2019-05-13,41.5,0.0,0.0,25.5,0
Delhi,28.6139,77.209,2019-05-20,38.7,3.0000000000000004,2.7,19.0,0
Delhi,28.6139,77.209,2019-05-27,40.7,0.0,0.0,23.7,0
Delhi,28.6139,77.209,2019-06-03,44.1,0.0,0.0,23.8,0
Delhi,28.6139,77.209,2019-06-10,44.0,0.8,0.5,24.2,0
Delhi,28.6139,77.209,2019-06-17,43.7,2.2,2.2,29.2,0
Delhi,28.6139,77.209,2019-06-24,40.2,2.3,1.2,23.7,0
Delhi,28.6139,77.209,2019-07-01,42.8,5.3999999999999995,4.8,21.8,0
Delhi,28.6139,77.209,2019-07-08,40.2,18.299999999999997,6.6,16.9,0
Delhi,28.6139,77.209,2019-07-15,38.5,16.9,7.1,28.9,0
Delhi,28.6139,77.209,2019-07-22,34.2,84.6,20.6,13.8,0
Delhi,28.6139,77.209,2019-07-29,36.7,63.8,26.9,19.6,0
Delhi,28.6139,77.209,2019-08-05,32.8,45.8,18.5,18.1,0
Delhi,28.6139,77.209,2019-08-12,33.8,38.6,20.7,28.5,0
Delhi,28.6139,77.209,2019-08-19,33.2,84.2,31.0,28.3,0
Delhi,28.6139,77.209,2019-08-26,33.9,23.0,12.9,17.0,0
Delhi,28.6139,77.209,2019-09-02,34.0,14.8,6.4,13.8,0
Delhi,28.6139,77.209,2019-09-09,34.2,16.7,7.8,13.7,0
Delhi,28.6139,77.209,2019-09-16,35.7,7.9,5.2,18.4,0
Delhi,28.6139,77.209,2019-09-23,32.1,30.3,13.9,19.3,0
Delhi,28.6139,77.209,2019-09-30,31.6,21.5,6.0,22.3,0
Delhi,28.6139,77.209,2019-10-07,32.3,9.600000000000001,4.9,17.4,0
Delhi,28.6139,77.209,2019-10-14,33.5,0.0,0.0,13.7,0
Delhi,28.6139,77.209,2019-10-21,33.3,5.2,2.7,20.5,0
Delhi,28.6139,77.209,2019-10-28,31.6,0.0,0.0,19.1,0
Delhi,28.6139,77.209,2019-11-04,31.2,0.2,0.2,19.7,0
Delhi,28.6139,77.209,2019-11-11,29.8,2.2,1.4,19.4,0
Delhi,28.6139,77.209,2019-11-18,28.6,0.0,0.0,23.7,0
Delhi,28.6139,77.209,2019-11-25,27.0,0.0,0.0,17.6,0
Delhi,28.6139,77.209,2019-12-02,25.1,23.0,22.1,18.5,0
Delhi,28.6139,77.209,2019-12-09,22.5,0.0,0.0,14.3,0
Delhi,28.6139,77.209,2019-12-16,21.4,9.600000000000001,5.9,23.7,0
Delhi,28.6139,77.209,2019-12-23,18.6,0.2,0.2,14.4,0
Delhi,28.6139,77.209,2019-12-30,15.3,0.0,0.0,14.8,0
Delhi,28.6139,77.209,2020-01-06,19.8,0.6,0.5,12.9,0
Delhi,28.6139,77.209,2020-01-13,20.6,36.2,17.5,19.3,0
Delhi,28.6139,77.209,2020-01-20,18.6,12.200000000000001,11.1,12.7,0
Delhi,28.6139,77.209,2020-01-27,20.2,0.4,0.4,23.2,0
Delhi,28.6139,77.209,2020-02-03,19.3,16.5,16.0,20.7,0
Delhi,28.6139,77.209,2020-02-10,20.0,0.1,0.1,16.0,0
Delhi,28.6139,77.209,2020-02-17,26.5,0.0,0.0,29.0,0
Delhi,28.6139,77.209,2020-02-24,26.3,18.9,13.4,25.4,0
Delhi,28.6139,77.209,2020-03-02,25.5,9.299999999999999,9.1,22.3,0
Delhi,28.6139,77.209,2020-03-09,26.0,39.0,23.3,30.4,0
Delhi,28.6139,77.209,2020-03-16,25.6,16.9,10.0,23.2,0
Delhi,28.6139,77.209,2020-03-23,29.1,2.2,1.6,16.7,0
Delhi,28.6139,77.209,2020-03-30,30.3,6.8,6.0,22.5,0
Delhi,28.6139,77.209,2020-04-06,33.4,0.1,0.1,20.9,0
Delhi,28.6139,77.209,2020-04-13,37.0,0.4,0.4,20.6,0
Delhi,28.6139,77.209,2020-04-20,37.9,0.4,0.4,25.1,0
Delhi,28.6139,77.209,2020-04-27,35.5,4.3,2.8,29.5,0
Delhi,28.6139,77.209,2020-05-04,38.4,23.1,21.8,29.5,0
Delhi,28.6139,77.209,2020-05-11,39.5,1.1,0.8,25.6,0
Delhi,28.6139,77.209,2020-05-18,38.7,0.3,0.3,20.4,0
Delhi,28.6139,77.209,2020-05-25,43.2,0.0,0.0,23.7,0
Delhi,28.6139,77.209,2020-06-01,44.2,9.9,5.4,29.8,0
Delhi,28.6139,77.209,2020-06-08,36.2,1.3,1.2,15.0,0
Delhi,28.6139,77.209,2020-06-15,40.0,0.0,0.0,19.4,0
Delhi,28.6139,77.209,2020-06-22,41.2,2.3,1.2,19.9,0
Delhi,28.6139,77.209,2020-06-29,39.7,7.3,3.1,29.5,0
Delhi,28.6139,77.209,2020-07-06,41.2,4.499999999999999,4.1,22.9,0
Delhi,28.6139,77.209,2020-07-13,37.8,12.200000000000001,5.4,23.8,0
Delhi,28.6139,77.209,2020-07-20,38.5,47.4,15.3,21.1,0
Delhi,28.6139,77.209,2020-07-27,34.3,36.9,14.4,16.3,0
Delhi,28.6139,77.209,2020-08-03,35.9,20.0,8.5,19.6,0
Delhi,28.6139,77.209,2020-08-10,36.9,32.5,22.8,34.1,0
Delhi,28.6139,77.209,2020-08-17,33.8,119.7,84.6,19.4,1
Delhi,28.6139,77.209,2020-08-24,32.6,38.3,16.7,26.6,0
Delhi,28.6139,77.209,2020-08-31,33.0,11.4,2.8,29.3,0
Delhi,28.6139,77.209,2020-09-07,33.0,29.4,9.6,17.4,0
Delhi,28.6139,77.209,2020-09-14,34.8,1.0,0.6,15.0,0
Delhi,28.6139,77.209,2020-09-21,37.3,0.0,0.0,18.5,0
Delhi,28.6139,77.209,2020-09-28,36.6,8.0,5.7,19.6,0
Delhi,28.6139,77.209,2020-10-05,35.2,0.0,0.0,20.7,0
Delhi,28.6139,77.209,2020-10-12,34.5,0.0,0.0,18.0,0
Delhi,28.6139,77.209,2020-10-19,34.0,0.0,0.0,13.7,0
Delhi,28.6139,77.209,2020-10-26,33.4,0.0,0.0,14.7,0
Delhi,28.6139,77.209,2020-11-02,30.8,0.0,0.0,17.7,0
Delhi,28.6139,77.209,2020-11-09,30.2,0.0,0.0,15.1,0
Delhi,28.6139,77.209,2020-11-16,29.0,12.399999999999999,8.2,20.1,0
Delhi,28.6139,77.209,2020-11-23,24.1,0.0,0.0,21.9,0
Delhi,28.6139,77.209,2020-11-30,24.1,0.7,0.7,15.2,0
Delhi,28.6139,77.209,2020-12-07,26.8,0.0,0.0,15.0,0
Delhi,28.6139,77.209,2020-12-14,26.2,1.1,0.9,16.9,0
Delhi,28.6139,77.209,2020-12-21,20.9,0.0,0.0,18.2,0
Delhi,28.6139,77.209,2020-12-28,22.0,0.2,0.2,21.9,0
Delhi,28.6139,77.209,2021-01-04,22.3,18.2,8.1,23.4,0
Delhi,28.6139,77.209,2021-01-11,21.8,5.5,2.8,19.9,0
Delhi,28.6139,77.209,2021-01-18,19.5,3.0,3.0,17.6,0
Delhi,28.6139,77.209,2021-01-25,21.2,0.0,0.0,18.9,0
Delhi,28.6139,77.209,2021-02-01,22.5,0.0,0.0,16.9,0
Delhi,28.6139,77.209,2021-02-08,23.9,11.1,11.0,19.4,0
Delhi,28.6139,77.209,2021-02-15,27.0,0.0,0.0,12.2,0
Delhi,28.6139,77.209,2021-02-22,27.4,0.0,0.0,17.3,0
Delhi,28.6139,77.209,2021-03-01,30.9,0.0,0.0,21.4,0
Delhi,28.6139,77.209,2021-03-08,33.2,0.0,0.0,25.7,0
Delhi,28.6139,77.209,2021-03-15,32.6,1.0,0.7,17.6,0
Delhi,28.6139,77.209,2021-03-22,33.7,0.0,0.0,21.9,0
Delhi,28.6139,77.209,2021-03-29,37.7,0.5,0.5,30.6,0
Delhi,28.6139,77.209,2021-04-05,38.0,0.0,0.0,35.5,0
Delhi,28.6139,77.209,2021-04-12,38.0,0.0,0.0,20.0,0
Delhi,28.6139,77.209,2021-04-19,38.8,2.6,2.6,31.0,0
Delhi,28.6139,77.209,2021-04-26,38.8,0.0,0.0,29.0,0
Delhi,28.6139,77.209,2021-05-03,41.5,0.0,0.0,24.1,0
Delhi,28.6139,77.209,2021-05-10,40.0,10.899999999999999,6.1,24.0,0
Delhi,28.6139,77.209,2021-05-17,38.6,2.0,1.5,28.5,0
Delhi,28.6139,77.209,2021-05-24,35.2,133.6,98.7,23.2,1
Delhi,28.6139,77.209,2021-05-31,37.7,0.7999999999999999,0.7,21.5,0
Delhi,28.6139,77.209,2021-06-07,39.1,6.0,5.4,19.9,0
Delhi,28.6139,77.209,2021-06-14,41.4,7.2,7.2,26.2,0
Delhi,28.6139,77.209,2021-06-21,36.8,8.7,4.2,23.8,0
Delhi,28.6139,77.209,2021-06-28,40.2,1.6,1.6,19.9,0
Delhi,28.6139,77.209,2021-07-05,43.2,0.1,0.1,33.9,0
Delhi,28.6139,77.209,2021-07-12,41.3,8.3,4.9,26.0,0
Delhi,28.6139,77.209,2021-07-19,36.8,169.3,122.7,18.4,1
Delhi,28.6139,77.209,2021-07-26,34.3,49.1,27.3,14.2,0
Delhi,28.6139,77.209,2021-08-02,32.1,81.9,25.7,15.8,0
Delhi,28.6139,77.209,2021-08-09,33.3,39.300000000000004,17.1,18.7,0
Delhi,28.6139,77.209,2021-08-16,35.0,0.7,0.7,22.7,0
Delhi,28.6139,77.209,2021-08-23,35.4,48.5,30.3,17.9,0
Delhi,28.6139,77.209,2021-08-30,34.2,4.6,2.1,26.6,0
Delhi,28.6139,77.209,2021-09-06,32.2,51.1,14.7,16.4,0
Delhi,28.6139,77.209,2021-09-13,31.5,60.400000000000006,16.6,25.5,0
Delhi,28.6139,77.209,2021-09-20,32.7,6.999999999999999,4.1,26.6,0
Delhi,28.6139,77.209,2021-09-27,31.9,31.3,17.3,14.9,0
Delhi,28.6139,77.209,2021-10-04,33.4,3.1,1.7,16.8,0
Delhi,28.6139,77.209,2021-10-11,34.8,2.4,2.3,12.6,0
Delhi,28.6139,77.209,2021-10-18,34.5,30.7,27.4,19.3,0
Delhi,28.6139,77.209,2021-10-25,30.8,0.2,0.2,21.8,0
Delhi,28.6139,77.209,2021-11-01,28.9,0.0,0.0,18.2,0
Delhi,28.6139,77.209,2021-11-08,28.7,0.0,0.0,19.9,0
Delhi,28.6139,77.209,2021-11-15,28.8,0.0,0.0,12.9,0
Delhi,28.6139,77.209,2021-11-22,26.0,0.0,0.0,21.6,0
Delhi,28.6139,77.209,2021-11-29,26.0,0.0,0.0,15.6,0
Delhi,28.6139,77.209,2021-12-06,24.8,6.0,3.9,14.7,0
Delhi,28.6139,77.209,2021-12-13,22.8,0.0,0.0,16.3,0
Delhi,28.6139,77.209,2021-12-20,20.6,0.0,0.0,22.0,0
Delhi,28.6139,77.209,2021-12-27,21.4,7.8,4.6,14.0,0
Delhi,28.6139,77.209,2022-01-03,20.1,1.7,1.7,14.8,0
Delhi,28.6139,77.209,2022-01-10,22.0,32.4,16.2,21.8,0
Delhi,28.6139,77.209,2022-01-17,17.4,0.0,0.0,13.1,0
Delhi,28.6139,77.209,2022-01-24,18.4,28.500000000000004,22.8,31.8,0
Delhi,28.6139,77.209,2022-01-31,20.9,0.0,0.0,21.3,0
Delhi,28.6139,77.209,2022-02-07,22.2,16.8,16.6,32.2,0
Delhi,28.6139,77.209,2022-02-14,23.1,5.0,3.6,23.0,0
Delhi,28.6139,77.209,2022-02-21,25.0,0.0,0.0,24.8,0
Delhi,28.6139,77.209,2022-02-28,25.4,1.5,1.5,30.2,0
Delhi,28.6139,77.209,2022-03-07,28.0,1.6,1.6,19.2,0
Delhi,28.6139,77.209,2022-03-14,31.9,0.0,0.0,19.6,0
Delhi,28.6139,77.209,2022-03-21,36.1,0.0,0.0,24.5,0
Delhi,28.6139,77.209,2022-03-28,37.5,0.0,0.0,30.5,0
Delhi,28.6139,77.209,2022-04-04,38.8,0.0,0.0,20.4,0
Delhi,28.6139,77.209,2022-04-11,41.6,0.0,0.0,22.7,0
Delhi,28.6139,77.209,2022-04-18,41.3,0.0,0.0,21.4,0
Delhi,28.6139,77.209,2022-04-25,41.8,0.0,0.0,29.0,0
Delhi,28.6139,77.209,2022-05-02,43.5,0.0,0.0,27.5,0
Delhi,28.6139,77.209,2022-05-09,41.2,0.30000000000000004,0.2,28.0,0
Delhi,28.6139,77.209,2022-05-16,45.3,0.0,0.0,27.0,1
Delhi,28.6139,77.209,2022-05-23,45.2,25.9,25.5,34.3,1
Delhi,28.6139,77.209,2022-05-30,40.7,1.4,1.2,32.0,0
Delhi,28.6139,77.209,2022-06-06,43.4,0.0,0.0,22.7,0
Delhi,28.6139,77.209,2022-06-13,43.2,0.0,0.0,26.7,0
Delhi,28.6139,77.209,2022-06-20,41.9,23.2,11.6,28.0,0
Delhi,28.6139,77.209,2022-06-27,39.2,22.3,13.0,21.0,0
Delhi,28.6139,77.209,2022-07-04,41.8,25.6,15.5,23.1,0
Delhi,28.6139,77.209,2022-07-11,36.8,13.6,7.5,19.8,0
Delhi,28.6139,77.209,2022-07-18,36.3,50.1,20.5,18.5,0
Delhi,28.6139,77.209,2022-07-25,35.3,83.2,26.9,24.7,0
Delhi,28.6139,77.209,2022-08-01,32.9,62.3,21.8,18.9,0
Delhi,28.6139,77.209,2022-08-08,33.4,29.0,18.6,14.0,0
Delhi,28.6139,77.209,2022-08-15,34.5,12.7,5.5,26.8,0
Delhi,28.6139,77.209,2022-08-22,34.0,23.6,8.4,32.4,0
Delhi,28.6139,77.209,2022-08-29,35.5,4.8,1.2,32.7,0
Delhi,28.6139,77.209,2022-09-05,37.7,0.7,0.5,22.2,0
Delhi,28.6139,77.209,2022-09-12,37.4,8.0,3.7,16.6,0
Delhi,28.6139,77.209,2022-09-19,34.2,31.5,13.4,30.2,0
Delhi,28.6139,77.209,2022-09-26,32.0,128.70000000000002,48.2,22.8,0
Delhi,28.6139,77.209,2022-10-03,33.2,0.2,0.2,22.9,0
Delhi,28.6139,77.209,2022-10-10,32.7,87.10000000000001,47.1,18.1,0
Delhi,28.6139,77.209,2022-10-17,30.2,2.7,2.7,14.8,0
Delhi,28.6139,77.209,2022-10-24,30.4,1.1,1.1,13.0,0
Delhi,28.6139,77.209,2022-10-31,30.0,0.0,0.0,18.7,0
Delhi,28.6139,77.209,2022-11-07,30.6,0.6,0.6,14.3,0
Delhi,28.6139,77.209,2022-11-14,28.6,7.0,6.9,25.2,0
Delhi,28.6139,77.209,2022-11-21,26.5,0.0,0.0,21.3,0
Delhi,28.6139,77.209,2022-11-28,25.0,0.0,0.0,18.3,0
Delhi,28.6139,77.209,2022-12-05,24.0,0.0,0.0,12.0,0
Delhi,28.6139,77.209,2022-12-12,25.1,0.0,0.0,21.2,0
Delhi,28.6139,77.209,2022-12-19,24.4,0.0,0.0,20.4,0
Delhi,28.6139,77.209,2022-12-26,20.8,0.0,0.0,15.0,0
Delhi,28.6139,77.209,2023-01-02,20.7,0.0,0.0,19.8,0
Delhi,28.6139,77.209,2023-01-09,17.4,0.0,0.0,14.2,0
Delhi,28.6139,77.209,2023-01-16,20.0,18.3,18.2,17.1,0
Delhi,28.6139,77.209,2023-01-23,22.8,0.3,0.3,15.5,0
Delhi,28.6139,77.209,2023-01-30,21.2,26.7,11.3,23.2,0
Delhi,28.6139,77.209,2023-02-06,25.1,0.0,0.0,20.7,0
Delhi,28.6139,77.209,2023-02-13,25.9,0.0,0.0,27.9,0
Delhi,28.6139,77.209,2023-02-20,30.6,0.0,0.0,20.9,0
Delhi,28.6139,77.209,2023-02-27,29.8,0.0,0.0,18.9,0
Delhi,28.6139,77.209,2023-03-06,30.5,0.0,0.0,20.8,0
Delhi,28.6139,77.209,2023-03-13,32.0,0.7,0.5,15.8,0
Delhi,28.6139,77.209,2023-03-20,32.2,27.1,24.3,23.0,0
Delhi,28.6139,77.209,2023-03-27,28.0,20.1,15.8,23.1,0
Delhi,28.6139,77.209,2023-04-03,31.2,16.2,9.4,20.1,0
Delhi,28.6139,77.209,2023-04-10,33.2,0.2,0.2,16.6,0
Delhi,28.6139,77.209,2023-04-17,39.2,0.0,0.0,25.1,0
Delhi,28.6139,77.209,2023-04-24,39.1,0.0,0.0,23.5,0
Delhi,28.6139,77.209,2023-05-01,35.8,7.4,5.4,20.2,0
Delhi,28.6139,77.209,2023-05-08,36.6,17.6,6.8,22.2,0
Delhi,28.6139,77.209,2023-05-15,41.7,0.0,0.0,25.0,0
Delhi,28.6139,77.209,2023-05-22,42.4,0.0,0.0,28.0,0
Delhi,28.6139,77.209,2023-05-29,43.6,22.099999999999998,19.2,36.1,0
Delhi,28.6139,77.209,2023-06-05,37.1,6.4,2.9,26.8,0
Delhi,28.6139,77.209,2023-06-12,41.0,0.0,0.0,26.9,0
Delhi,28.6139,77.209,2023-06-19,41.8,12.5,6.6,30.8,0
Delhi,28.6139,77.209,2023-06-26,36.5,75.8,20.3,20.6,0
Delhi,28.6139,77.209,2023-07-03,36.5,52.0,12.7,23.2,0
Delhi,28.6139,77.209,2023-07-10,36.7,128.5,34.4,21.9,0
Delhi,28.6139,77.209,2023-07-17,33.8,90.2,21.9,20.7,0
Delhi,28.6139,77.209,2023-07-24,35.5,65.0,23.7,21.9,0
Delhi,28.6139,77.209,2023-07-31,34.1,82.4,27.0,18.6,0
Delhi,28.6139,77.209,2023-08-07,35.0,29.5,11.5,22.0,0
Delhi,28.6139,77.209,2023-08-14,35.5,4.0,1.7,24.5,0
Delhi,28.6139,77.209,2023-08-21,36.2,8.6,7.4,20.3,0
Delhi,28.6139,77.209,2023-08-28,35.3,30.4,15.5,23.2,0
Delhi,28.6139,77.209,2023-09-04,37.3,0.0,0.0,23.4,0
Delhi,28.6139,77.209,2023-09-11,38.3,47.9,35.3,25.4,0
Delhi,28.6139,77.209,2023-09-18,34.1,35.0,7.8,23.9,0
Delhi,28.6139,77.209,2023-09-25,33.5,6.5,2.6,22.0,0
Delhi,28.6139,77.209,2023-10-02,34.8,0.2,0.2,19.9,0
Delhi,28.6139,77.209,2023-10-09,35.2,0.0,0.0,23.4,0
Delhi,28.6139,77.209,2023-10-16,35.0,12.5,9.9,27.6,0
Delhi,28.6139,77.209,2023-10-23,30.4,3.3,3.3,14.7,0
Delhi,28.6139,77.209,2023-10-30,31.7,0.0,0.0,14.6,0
Delhi,28.6139,77.209,2023-11-06,31.0,1.1,1.1,16.8,0
Delhi,28.6139,77.209,2023-11-13,30.1,2.9,2.9,19.5,0
Delhi,28.6139,77.209,2023-11-20,26.8,0.0,0.0,10.5,0
Delhi,28.6139,77.209,2023-11-27,25.5,4.0,4.0,23.2,0
Delhi,28.6139,77.209,2023-12-04,24.5,4.8,3.2,13.3,0
Delhi,28.6139,77.209,2023-12-11,24.1,0.0,0.0,18.0,0
Delhi,28.6139,77.209,2023-12-18,22.8,0.0,0.0,20.1,0
Delhi,28.6139,77.209,2023-12-25,22.9,0.3,0.3,17.1,0
Delhi,28.6139,77.209,2024-01-01,22.7,0.0,0.0,10.3,0
Mumbai,19.076,72.8777,2014-01-06,30.4,0.0,0.0,19.9,0
Mumbai,19.076,72.8777,2014-01-13,30.3,0.0,0.0,17.5,0
Mumbai,19.076,72.8777,2014-01-20,28.7,0.0,0.0,17.0,0
Mumbai,19.076,72.8777,2014-01-27,32.1,0.4,0.4,19.8,0
Mumbai,19.076,72.8777,2014-02-03,31.7,0.0,0.0,17.3,0
Mumbai,19.076,72.8777,2014-02-10,31.7,0.0,0.0,18.6,0
Mumbai,19.076,72.8777,2014-02-17,29.9,0.30000000000000004,0.2,20.8,0
Mumbai,19.076,72.8777,2014-02-24,31.8,0.0,0.0,19.7,0
Mumbai,19.076,72.8777,2014-03-03,31.2,0.0,0.0,21.9,0
Mumbai,19.076,72.8777,2014-03-10,29.7,0.3,0.3,19.1,0
Mumbai,19.076,72.8777,2014-03-17,35.3,0.6,0.6,19.5,0
Mumbai,19.076,72.8777,2014-03-24,35.0,0.0,0.0,22.7,0
Mumbai,19.076,72.8777,2014-03-31,36.0,0.0,0.0,23.7,0
Mumbai,19.076,72.8777,2014-04-07,36.4,0.0,0.0,22.2,0
Mumbai,19.076,72.8777,2014-04-14,32.2,0.0,0.0,19.8,0
Mumbai,19.076,72.8777,2014-04-21,35.2,0.0,0.0,20.9,0
Mumbai,19.076,72.8777,2014-04-28,36.8,0.0,0.0,19.4,0
Mumbai,19.076,72.8777,2014-05-05,33.3,0.0,0.0,21.0,0
Mumbai,19.076,72.8777,2014-05-12,34.6,0.0,0.0,19.8,0
Mumbai,19.076,72.8777,2014-05-19,35.5,0.8,0.4,22.9,0
Mumbai,19.076,72.8777,2014-05-26,35.1,0.0,0.0,20.2,0
Mumbai,19.076,72.8777,2014-06-02,34.0,0.0,0.0,24.1,0
Mumbai,19.076,72.8777,2014-06-09,33.5,0.2,0.2,20.4,0
Mumbai,19.076,72.8777,2014-06-16,34.9,36.8,10.5,31.5,0
Mumbai,19.076,72.8777,2014-06-23,30.3,43.9,8.5,29.7,0
Mumbai,19.076,72.8777,2014-06-30,31.1,16.9,4.3,25.7,0
Mumbai,19.076,72.8777,2014-07-07,29.7,38.2,7.9,19.0,0
Mumbai,19.076,72.8777,2014-07-14,29.1,210.0,73.0,27.8,1
Mumbai,19.076,72.8777,2014-07-21,28.2,185.4,64.9,30.8,1
Mumbai,19.076,72.8777,2014-07-28,28.2,149.4,39.5,28.5,0
Mumbai,19.076,72.8777,2014-08-04,28.0,377.7,110.0,29.9,1
Mumbai,19.076,72.8777,2014-08-11,27.7,98.3,23.9,27.2,0
Mumbai,19.076,72.8777,2014-08-18,28.4,56.4,12.9,26.7,0
Mumbai,19.076,72.8777,2014-08-25,30.5,56.099999999999994,16.9,16.3,0
Mumbai,19.076,72.8777,2014-09-01,29.6,366.2,122.7,27.7,1
Mumbai,19.076,72.8777,2014-09-08,28.4,128.3,42.4,30.8,0
Mumbai,19.076,72.8777,2014-09-15,28.6,36.5,10.7,20.3,0
Mumbai,19.076,72.8777,2014-09-22,29.3,9.6,2.6,16.8,0
Mumbai,19.076,72.8777,2014-09-29,33.9,3.5,2.1,16.6,0
Mumbai,19.076,72.8777,2014-10-06,33.3,2.7,1.3,17.8,0
Mumbai,19.076,72.8777,2014-10-13,32.9,9.1,6.3,16.2,0
Mumbai,19.076,72.8777,2014-10-20,34.2,0.2,0.2,15.1,0
Mumbai,19.076,72.8777,2014-10-27,34.6,0.7,0.5,16.3,0
Mumbai,19.076,72.8777,2014-11-03,34.4,0.0,0.0,17.2,0
Mumbai,19.076,72.8777,2014-11-10,34.0,0.0,0.0,18.8,0
Mumbai,19.076,72.8777,2014-11-17,33.7,6.1,3.2,12.8,0
Mumbai,19.076,72.8777,2014-11-24,33.6,0.0,0.0,16.2,0
Mumbai,19.076,72.8777,2014-12-01,33.2,0.0,0.0,16.6,0
Mumbai,19.076,72.8777,2014-12-08,33.1,0.0,0.0,14.2,0
Mumbai,19.076,72.8777,2014-12-15,32.2,10.8,6.1,17.6,0
Mumbai,19.076,72.8777,2014-12-22,31.3,0.0,0.0,15.5,0
Mumbai,19.076,72.8777,2014-12-29,30.7,0.0,0.0,16.5,0
Mumbai,19.076,72.8777,2015-01-05,30.4,0.0,0.0,16.5,0
Mumbai,19.076,72.8777,2015-01-12,30.7,0.0,0.0,15.5,0
Mumbai,19.076,72.8777,2015-01-19,30.5,0.0,0.0,16.2,0
Mumbai,19.076,72.8777,2015-01-26,29.0,0.0,0.0,19.9,0
Mumbai,19.076,72.8777,2015-02-02,31.6,0.0,0.0,22.3,0
Mumbai,19.076,72.8777,2015-02-09,31.2,0.0,0.0,16.8,0
Mumbai,19.076,72.8777,2015-02-16,31.1,0.0,0.0,19.9,0
Mumbai,19.076,72.8777,2015-02-23,34.2,0.0,0.0,18.7,0
Mumbai,19.076,72.8777,2015-03-02,31.3,17.9,11.0,26.6,0
Mumbai,19.076,72.8777,2015-03-09,32.7,0.0,0.0,20.0,0
Mumbai,19.076,72.8777,2015-03-16,35.1,0.3,0.3,19.0,0
Mumbai,19.076,72.8777,2015-03-23,34.2,0.0,0.0,20.1,0
Mumbai,19.076,72.8777,2015-03-30,37.0,0.0,0.0,22.0,0
Mumbai,19.076,72.8777,2015-04-06,34.2,0.0,0.0,19.3,0
Mumbai,19.076,72.8777,2015-04-13,31.6,0.0,0.0,20.5,0
Mumbai,19.076,72.8777,2015-04-20,34.6,1.1,1.1,21.7,0
Mumbai,19.076,72.8777,2015-04-27,33.2,0.0,0.0,21.7,0
Mumbai,19.076,72.8777,2015-05-04,33.2,0.0,0.0,20.1,0
Mumbai,19.076,72.8777,2015-05-11,34.8,0.0,0.0,22.0,0
Mumbai,19.076,72.8777,2015-05-18,35.0,0.3,0.3,23.1,0
Mumbai,19.076,72.8777,2015-05-25,33.4,0.1,0.1,21.0,0
Mumbai,19.076,72.8777,2015-06-01,33.9,0.0,0.0,22.1,0
Mumbai,19.076,72.8777,2015-06-08,34.3,9.5,3.7,25.9,0
Mumbai,19.076,72.8777,2015-06-15,32.4,220.0,110.4,23.2,1
Mumbai,19.076,72.8777,2015-06-22,28.8,280.5,56.7,36.0,1
Mumbai,19.076,72.8777,2015-06-29,29.6,140.8,65.2,40.2,1
Mumbai,19.076,72.8777,2015-07-06,29.5,27.2,6.2,31.2,0
Mumbai,19.076,72.8777,2015-07-13,29.3,32.5,7.1,29.8,0
Mumbai,19.076,72.8777,2015-07-20,29.4,48.9,12.1,23.1,0
Mumbai,19.076,72.8777,2015-07-27,28.7,108.9,22.6,29.2,0
Mumbai,19.076,72.8777,2015-08-03,28.5,63.4,18.9,32.8,0
Mumbai,19.076,72.8777,2015-08-10,28.6,47.0,11.6,24.1,0
Mumbai,19.076,72.8777,2015-08-17,28.2,38.300000000000004,7.9,18.9,0
Mumbai,19.076,72.8777,2015-08-24,29.5,23.2,6.3,21.1,0
Mumbai,19.076,72.8777,2015-08-31,29.0,34.1,7.2,15.2,0
Mumbai,19.076,72.8777,2015-09-07,30.1,6.1,2.6,16.7,0
Mumbai,19.076,72.8777,2015-09-14,30.1,76.0,18.6,14.3,0
Mumbai,19.076,72.8777,2015-09-21,29.3,75.3,20.8,27.2,0
Mumbai,19.076,72.8777,2015-09-28,31.2,3.5,2.7,19.1,0
Mumbai,19.076,72.8777,2015-10-05,33.8,47.0,21.0,14.8,0
Mumbai,19.076,72.8777,2015-10-12,32.6,7.6000000000000005,6.9,14.6,0
Mumbai,19.076,72.8777,2015-10-19,34.2,0.5,0.3,13.7,0
Mumbai,19.076,72.8777,2015-10-26,34.2,0.2,0.2,16.2,0
Mumbai,19.076,72.8777,2015-11-02,33.7,0.0,0.0,15.2,0
Mumbai,19.076,72.8777,2015-11-09,34.0,0.0,0.0,16.6,0
Mumbai,19.076,72.8777,2015-11-16,34.2,0.0,0.0,17.9,0
Mumbai,19.076,72.8777,2015-11-23,33.3,12.6,5.0,16.7,0
Mumbai,19.076,72.8777,2015-11-30,32.4,1.4,1.0,15.5,0
Mumbai,19.076,72.8777,2015-12-07,32.8,0.0,0.0,14.8,0
Mumbai,19.076,72.8777,2015-12-14,32.5,0.0,0.0,14.2,0
Mumbai,19.076,72.8777,2015-12-21,31.3,0.0,0.0,18.8,0
Mumbai,19.076,72.8777,2015-12-28,31.3,0.0,0.0,16.4,0
Mumbai,19.076,72.8777,2016-01-04,33.5,0.0,0.0,13.2,0
Mumbai,19.076,72.8777,2016-01-11,31.1,0.0,0.0,15.8,0
Mumbai,19.076,72.8777,2016-01-18,28.4,0.0,0.0,15.8,0
Mumbai,19.076,72.8777,2016-01-25,31.3,0.0,0.0,18.1,0
Mumbai,19.076,72.8777,2016-02-01,31.5,0.0,0.0,20.1,0
Mumbai,19.076,72.8777,2016-02-08,31.0,0.0,0.0,16.9,0
Mumbai,19.076,72.8777,2016-02-15,30.3,0.0,0.0,19.2,0
Mumbai,19.076,72.8777,2016-02-22,31.5,0.0,0.0,21.1,0
Mumbai,19.076,72.8777,2016-02-29,31.8,0.0,0.0,17.0,0
Mumbai,19.076,72.8777,2016-03-07,34.3,0.7,0.6,18.4,0
Mumbai,19.076,72.8777,2016-03-14,34.3,0.0,0.0,20.3,0
Mumbai,19.076,72.8777,2016-03-21,35.0,0.0,0.0,19.8,0
Mumbai,19.076,72.8777,2016-03-28,35.9,0.2,0.2,20.4,0
Mumbai,19.076,72.8777,2016-04-04,33.0,0.0,0.0,21.1,0
Mumbai,19.076,72.8777,2016-04-11,34.8,0.2,0.2,22.5,0
Mumbai,19.076,72.8777,2016-04-18,34.8,0.0,0.0,21.5,0
Mumbai,19.076,72.8777,2016-04-25,33.3,0.0,0.0,20.3,0
Mumbai,19.076,72.8777,2016-05-02,37.0,0.0,0.0,22.7,0
Mumbai,19.076,72.8777,2016-05-09,33.3,0.0,0.0,21.0,0
Mumbai,19.076,72.8777,2016-05-16,33.8,0.0,0.0,20.0,0
Mumbai,19.076,72.8777,2016-05-23,33.7,0.5,0.3,21.4,0
Mumbai,19.076,72.8777,2016-05-30,33.0,10.7,2.8,20.9,0
Mumbai,19.076,72.8777,2016-06-06,34.1,3.1,2.0,22.6,0
Mumbai,19.076,72.8777,2016-06-13,33.9,23.6,8.2,21.8,0
Mumbai,19.076,72.8777,2016-06-20,31.5,58.0,29.0,25.4,0
Mumbai,19.076,72.8777,2016-06-27,29.6,292.1,82.0,23.8,1
Mumbai,19.076,72.8777,2016-07-04,28.4,294.2,53.6,28.1,1
Mumbai,19.076,72.8777,2016-07-11,28.5,115.9,28.2,26.3,0
Mumbai,19.076,72.8777,2016-07-18,28.2,93.1,21.3,24.5,0
Mumbai,19.076,72.8777,2016-07-25,27.7,98.1,26.5,20.2,0
Mumbai,19.076,72.8777,2016-08-01,27.4,269.0,69.4,26.0,1
Mumbai,19.076,72.8777,2016-08-08,27.4,204.2,61.5,32.3,1
Mumbai,19.076,72.8777,2016-08-15,28.1,75.0,23.3,29.3,0
Mumbai,19.076,72.8777,2016-08-22,28.5,35.6,7.0,25.2,0
Mumbai,19.076,72.8777,2016-08-29,28.6,104.5,32.2,18.0,0
Mumbai,19.076,72.8777,2016-09-05,28.5,21.1,6.5,18.0,0
Mumbai,19.076,72.8777,2016-09-12,28.7,15.9,3.8,16.1,0
Mumbai,19.076,72.8777,2016-09-19,29.2,417.7,129.3,30.3,1
Mumbai,19.076,72.8777,2016-09-26,28.9,387.4,251.1,19.0,1
Mumbai,19.076,72.8777,2016-10-03,29.1,80.0,40.4,20.5,0
Mumbai,19.076,72.8777,2016-10-10,28.9,37.5,26.2,24.4,0
Mumbai,19.076,72.8777,2016-10-17,31.6,0.0,0.0,16.1,0
Mumbai,19.076,72.8777,2016-10-24,32.2,0.0,0.0,15.3,0
Mumbai,19.076,72.8777,2016-10-31,33.3,0.0,0.0,16.0,0
Mumbai,19.076,72.8777,2016-11-07,32.6,0.0,0.0,14.8,0
Mumbai,19.076,72.8777,2016-11-14,32.0,0.0,0.0,16.3,0
Mumbai,19.076,72.8777,2016-11-21,32.9,0.0,0.0,14.7,0
Mumbai,19.076,72.8777,2016-11-28,32.8,0.0,0.0,14.7,0
Mumbai,19.076,72.8777,2016-12-05,32.7,0.0,0.0,16.3,0
Mumbai,19.076,72.8777,2016-12-12,31.7,0.0,0.0,15.0,0
Mumbai,19.076,72.8777,2016-12-19,32.3,0.0,0.0,16.5,0
Mumbai,19.076,72.8777,2016-12-26,31.5,0.0,0.0,13.9,0
Mumbai,19.076,72.8777,2017-01-02,31.7,0.0,0.0,18.2,0
Mumbai,19.076,72.8777,2017-01-09,31.0,0.0,0.0,19.9,0
Mumbai,19.076,72.8777,2017-01-16,28.8,0.0,0.0,23.8,0
Mumbai,19.076,72.8777,2017-01-23,32.8,0.0,0.0,21.7,0
Mumbai,19.076,72.8777,2017-01-30,33.2,0.0,0.0,24.0,0
Mumbai,19.076,72.8777,2017-02-06,31.0,0.0,0.0,26.5,0
Mumbai,19.076,72.8777,2017-02-13,31.5,0.0,0.0,22.0,0
Mumbai,19.076,72.8777,2017-02-20,35.9,0.0,0.0,22.7,0
Mumbai,19.076,72.8777,2017-02-27,35.3,0.0,0.0,25.0,0
Mumbai,19.076,72.8777,2017-03-06,35.5,0.0,0.0,24.4,0
Mumbai,19.076,72.8777,2017-03-13,30.1,0.1,0.1,26.2,0
Mumbai,19.076,72.8777,2017-03-20,32.3,0.0,0.0,23.9,0
Mumbai,19.076,72.8777,2017-03-27,36.8,0.0,0.0,26.9,0
Mumbai,19.076,72.8777,2017-04-03,32.5,0.0,0.0,23.2,0
Mumbai,19.076,72.8777,2017-04-10,35.2,0.0,0.0,23.0,0
Mumbai,19.076,72.8777,2017-04-17,34.5,0.0,0.0,24.4,0
Mumbai,19.076,72.8777,2017-04-24,34.3,0.0,0.0,26.5,0
Mumbai,19.076,72.8777,2017-05-01,31.9,0.0,0.0,28.1,0
Mumbai,19.076,72.8777,2017-05-08,32.8,0.1,0.1,22.6,0
Mumbai,19.076,72.8777,2017-05-15,35.0,0.0,0.0,24.4,0
Mumbai,19.076,72.8777,2017-05-22,32.9,0.1,0.1,21.6,0
Mumbai,19.076,72.8777,2017-05-29,33.1,14.3,7.0,26.5,0
Mumbai,19.076,72.8777,2017-06-05,31.9,31.3,11.2,29.8,0
Mumbai,19.076,72.8777,2017-06-12,31.5,156.6,38.4,20.1,0
Mumbai,19.076,72.8777,2017-06-19,30.5,59.7,14.9,21.7,0
Mumbai,19.076,72.8777,2017-06-26,30.5,111.8,41.0,26.9,0
Mumbai,19.076,72.8777,2017-07-03,29.5,301.1,66.8,37.2,1
Mumbai,19.076,72.8777,2017-07-10,29.7,50.199999999999996,10.1,26.3,0
Mumbai,19.076,72.8777,2017-07-17,29.0,231.1,74.0,30.1,1
Mumbai,19.076,72.8777,2017-07-24,28.9,355.4,83.7,36.4,1
Mumbai,19.076,72.8777,2017-07-31,29.1,82.3,23.1,32.2,0
Mumbai,19.076,72.8777,2017-08-07,28.5,37.1,11.2,26.8,0
Mumbai,19.076,72.8777,2017-08-14,28.6,70.6,27.7,23.7,0
Mumbai,19.076,72.8777,2017-08-21,28.4,128.3,75.2,22.8,1
Mumbai,19.076,72.8777,2017-08-28,28.2,167.6,58.9,21.7,1
Mumbai,19.076,72.8777,2017-09-04,29.0,140.6,66.6,31.0,1
Mumbai,19.076,72.8777,2017-09-11,31.0,27.400000000000002,14.9,20.4,0
Mumbai,19.076,72.8777,2017-09-18,31.5,80.3,22.3,21.1,0
Mumbai,19.076,72.8777,2017-09-25,29.0,200.0,119.5,33.6,1
Mumbai,19.076,72.8777,2017-10-02,31.2,11.3,6.8,21.9,0
Mumbai,19.076,72.8777,2017-10-09,33.2,32.9,13.5,17.7,0
Mumbai,19.076,72.8777,2017-10-16,30.0,131.6,34.2,20.1,0
Mumbai,19.076,72.8777,2017-10-23,30.9,2.2,1.0,20.2,0
Mumbai,19.076,72.8777,2017-10-30,33.2,0.0,0.0,16.3,0
Mumbai,19.076,72.8777,2017-11-06,33.5,0.0,0.0,19.3,0
Mumbai,19.076,72.8777,2017-11-13,32.6,0.0,0.0,16.9,0
Mumbai,19.076,72.8777,2017-11-20,32.0,0.0,0.0,20.5,0
Mumbai,19.076,72.8777,2017-11-27,32.8,0.0,0.0,20.4,0
Mumbai,19.076,72.8777,2017-12-04,33.0,5.1,5.1,20.0,0
Mumbai,19.076,72.8777,2017-12-11,28.2,24.400000000000002,22.8,42.1,0
Mumbai,19.076,72.8777,2017-12-18,32.8,0.0,0.0,19.3,0
Mumbai,19.076,72.8777,2017-12-25,31.7,0.0,0.0,19.5,0
Mumbai,19.076,72.8777,2018-01-01,31.5,0.0,0.0,16.6,0
Mumbai,19.076,72.8777,2018-01-08,28.0,0.0,0.0,18.9,0
Mumbai,19.076,72.8777,2018-01-15,32.0,0.0,0.0,17.7,0
Mumbai,19.076,72.8777,2018-01-22,32.8,0.0,0.0,22.0,0
Mumbai,19.076,72.8777,2018-01-29,29.3,0.0,0.0,22.0,0
Mumbai,19.076,72.8777,2018-02-05,32.9,0.0,0.0,20.9,0
Mumbai,19.076,72.8777,2018-02-12,29.9,0.1,0.1,20.7,0
Mumbai,19.076,72.8777,2018-02-19,34.0,0.0,0.0,22.5,0
Mumbai,19.076,72.8777,2018-02-26,35.2,0.0,0.0,22.4,0
Mumbai,19.076,72.8777,2018-03-05,34.3,0.0,0.0,25.0,0
Mumbai,19.076,72.8777,2018-03-12,35.0,0.0,0.0,25.5,0
Mumbai,19.076,72.8777,2018-03-19,34.0,0.3,0.3,29.3,0
Mumbai,19.076,72.8777,2018-03-26,35.8,0.0,0.0,25.0,0
Mumbai,19.076,72.8777,2018-04-02,31.8,0.0,0.0,24.9,0
Mumbai,19.076,72.8777,2018-04-09,33.1,0.0,0.0,24.1,0
Mumbai,19.076,72.8777,2018-04-16,31.8,0.0,0.0,25.5,0
Mumbai,19.076,72.8777,2018-04-23,34.6,0.1,0.1,22.9,0
Mumbai,19.076,72.8777,2018-04-30,33.4,0.0,0.0,24.5,0
Mumbai,19.076,72.8777,2018-05-07,32.5,0.1,0.1,19.2,0
Mumbai,19.076,72.8777,2018-05-14,33.2,0.0,0.0,23.3,0
Mumbai,19.076,72.8777,2018-05-21,33.3,0.0,0.0,22.9,0
Mumbai,19.076,72.8777,2018-05-28,33.3,0.4,0.4,22.8,0
Mumbai,19.076,72.8777,2018-06-04,33.3,16.9,4.3,23.6,0
Mumbai,19.076,72.8777,2018-06-11,32.8,79.5,21.1,29.5,0
Mumbai,19.076,72.8777,2018-06-18,31.0,82.7,27.7,27.9,0
Mumbai,19.076,72.8777,2018-06-25,30.9,143.1,49.3,26.6,0
Mumbai,19.076,72.8777,2018-07-02,29.3,77.7,23.2,29.4,0
Mumbai,19.076,72.8777,2018-07-09,27.4,240.6,52.9,30.8,1
Mumbai,19.076,72.8777,2018-07-16,27.5,202.5,43.8,31.0,0
Mumbai,19.076,72.8777,2018-07-23,28.3,93.1,25.4,30.4,0
Mumbai,19.076,72.8777,2018-07-30,28.8,33.3,6.8,31.2,0
Mumbai,19.076,72.8777,2018-08-06,28.6,49.800000000000004,16.3,30.1,0
Mumbai,19.076,72.8777,2018-08-13,28.0,52.7,9.4,31.0,0
Mumbai,19.076,72.8777,2018-08-20,28.1,81.8,17.7,31.3,0
Mumbai,19.076,72.8777,2018-08-27,27.4,90.5,28.5,27.9,0
Mumbai,19.076,72.8777,2018-09-03,28.0,37.9,7.4,25.3,0
Mumbai,19.076,72.8777,2018-09-10,28.2,18.8,4.5,22.5,0
Mumbai,19.076,72.8777,2018-09-17,28.5,13.9,3.5,17.6,0
Mumbai,19.076,72.8777,2018-09-24,29.5,26.8,7.5,21.7,0
Mumbai,19.076,72.8777,2018-10-01,33.0,6.3999999999999995,6.3,18.6,0
Mumbai,19.076,72.8777,2018-10-08,34.3,2.6,1.5,14.1,0
Mumbai,19.076,72.8777,2018-10-15,33.8,2.2,1.5,17.7,0
Mumbai,19.076,72.8777,2018-10-22,33.2,7.1,6.8,15.6,0
Mumbai,19.076,72.8777,2018-10-29,35.5,0.0,0.0,22.8,0
Mumbai,19.076,72.8777,2018-11-05,34.7,0.5,0.5,22.8,0
Mumbai,19.076,72.8777,2018-11-12,33.8,0.0,0.0,20.0,0
Mumbai,19.076,72.8777,2018-11-19,34.2,0.0,0.0,20.1,0
Mumbai,19.076,72.8777,2018-11-26,34.5,0.0,0.0,18.8,0
Mumbai,19.076,72.8777,2018-12-03,33.5,0.0,0.0,15.8,0
Mumbai,19.076,72.8777,2018-12-10,32.4,0.0,0.0,20.2,0
Mumbai,19.076,72.8777,2018-12-17,31.9,0.0,0.0,28.0,0
Mumbai,19.076,72.8777,2018-12-24,30.2,0.0,0.0,20.6,0
Mumbai,19.076,72.8777,2018-12-31,30.6,0.0,0.0,22.7,0
Mumbai,19.076,72.8777,2019-01-07,30.5,0.0,0.0,23.7,0
Mumbai,19.076,72.8777,2019-01-14,29.9,0.0,0.0,19.6,0
Mumbai,19.076,72.8777,2019-01-21,31.5,0.0,0.0,18.1,0
Mumbai,19.076,72.8777,2019-01-28,28.9,0.2,0.2,27.4,0
Mumbai,19.076,72.8777,2019-02-04,30.5,0.0,0.0,22.0,0
Mumbai,19.076,72.8777,2019-02-11,30.8,0.0,0.0,24.6,0
Mumbai,19.076,72.8777,2019-02-18,32.3,0.0,0.0,22.9,0
Mumbai,19.076,72.8777,2019-02-25,32.5,0.0,0.0,26.6,0
Mumbai,19.076,72.8777,2019-03-04,30.7,0.0,0.0,23.4,0
Mumbai,19.076,72.8777,2019-03-11,30.4,0.0,0.0,22.7,0
Mumbai,19.076,72.8777,2019-03-18,33.2,0.0,0.0,24.8,0
Mumbai,19.076,72.8777,2019-03-25,35.2,0.0,0.0,24.4,0
Mumbai,19.076,72.8777,2019-04-01,36.2,0.0,0.0,21.9,0
Mumbai,19.076,72.8777,2019-04-08,31.8,0.0,0.0,23.4,0
Mumbai,19.076,72.8777,2019-04-15,35.3,0.0,0.0,26.5,0
Mumbai,19.076,72.8777,2019-04-22,33.7,0.2,0.2,27.2,0
Mumbai,19.076,72.8777,2019-04-29,35.3,0.0,0.0,28.3,0
Mumbai,19.076,72.8777,2019-05-06,32.0,0.8,0.8,22.3,0
Mumbai,19.076,72.8777,2019-05-13,31.8,0.1,0.1,21.1,0
Mumbai,19.076,72.8777,2019-05-20,33.3,0.0,0.0,26.4,0
Mumbai,19.076,72.8777,2019-05-27,33.6,0.0,0.0,22.3,0
Mumbai,19.076,72.8777,2019-06-03,32.8,0.1,0.1,20.5,0
Mumbai,19.076,72.8777,2019-06-10,33.7,2.8,1.1,21.9,0
Mumbai,19.076,72.8777,2019-06-17,33.8,67.9,20.3,38.9,0
Mumbai,19.076,72.8777,2019-06-24,30.3,29.799999999999997,9.1,28.8,0
Mumbai,19.076,72.8777,2019-07-01,29.7,265.1,73.6,24.9,1
Mumbai,19.076,72.8777,2019-07-08,28.1,134.0,26.3,26.1,0
Mumbai,19.076,72.8777,2019-07-15,29.3,86.3,33.0,27.7,0
Mumbai,19.076,72.8777,2019-07-22,29.6,130.4,84.9,19.5,1
Mumbai,19.076,72.8777,2019-07-29,28.8,344.3,197.7,33.1,1
Mumbai,19.076,72.8777,2019-08-05,28.1,395.8,100.3,34.2,1
Mumbai,19.076,72.8777,2019-08-12,28.4,115.5,40.6,38.0,0
Mumbai,19.076,72.8777,2019-08-19,28.6,40.6,11.6,23.4,0
Mumbai,19.076,72.8777,2019-08-26,28.5,33.4,7.2,17.7,0
Mumbai,19.076,72.8777,2019-09-02,28.1,80.3,24.1,20.2,0
Mumbai,19.076,72.8777,2019-09-09,28.0,312.2,84.3,26.6,1
Mumbai,19.076,72.8777,2019-09-16,27.7,105.0,37.2,21.5,0
Mumbai,19.076,72.8777,2019-09-23,28.9,80.4,38.9,32.0,0
Mumbai,19.076,72.8777,2019-09-30,29.1,85.6,26.5,26.5,0
Mumbai,19.076,72.8777,2019-10-07,30.2,16.7,5.0,15.8,0
Mumbai,19.076,72.8777,2019-10-14,33.0,22.6,7.3,15.9,0
Mumbai,19.076,72.8777,2019-10-21,33.6,68.1,32.4,17.8,0
Mumbai,19.076,72.8777,2019-10-28,29.8,157.3,92.5,22.4,1
Mumbai,19.076,72.8777,2019-11-04,32.1,15.700000000000001,12.8,19.0,0
Mumbai,19.076,72.8777,2019-11-11,30.8,8.9,3.6,22.9,0
Mumbai,19.076,72.8777,2019-11-18,32.8,0.0,0.0,18.3,0
Mumbai,19.076,72.8777,2019-11-25,33.2,0.0,0.0,17.2,0
Mumbai,19.076,72.8777,2019-12-02,33.4,0.0,0.0,17.0,0
Mumbai,19.076,72.8777,2019-12-09,32.5,3.5,3.4,19.5,0
Mumbai,19.076,72.8777,2019-12-16,31.5,0.0,0.0,20.8,0
Mumbai,19.076,72.8777,2019-12-23,31.9,0.0,0.0,18.1,0
Mumbai,19.076,72.8777,2019-12-30,31.2,1.0,0.8,20.0,0
Mumbai,19.076,72.8777,2020-01-06,30.6,0.0,0.0,23.5,0
Mumbai,19.076,72.8777,2020-01-13,32.0,0.4,0.4,23.4,0
Mumbai,19.076,72.8777,2020-01-20,30.8,0.2,0.2,24.4,0
Mumbai,19.076,72.8777,2020-01-27,31.8,0.0,0.0,22.2,0
Mumbai,19.076,72.8777,2020-02-03,29.3,1.0,1.0,22.2,0
Mumbai,19.076,72.8777,2020-02-10,31.8,0.0,0.0,27.4,0
Mumbai,19.076,72.8777,2020-02-17,34.5,0.0,0.0,23.1,0
Mumbai,19.076,72.8777,2020-02-24,34.3,0.0,0.0,22.1,0
Mumbai,19.076,72.8777,2020-03-02,35.5,0.0,0.0,25.7,0
Mumbai,19.076,72.8777,2020-03-09,28.5,0.1,0.1,20.3,0
Mumbai,19.076,72.8777,2020-03-16,35.7,0.0,0.0,27.7,0
Mumbai,19.076,72.8777,2020-03-23,34.0,0.0,0.0,23.7,0
Mumbai,19.076,72.8777,2020-03-30,34.4,0.0,0.0,28.3,0
Mumbai,19.076,72.8777,2020-04-06,34.5,0.0,0.0,23.7,0
Mumbai,19.076,72.8777,2020-04-13,33.3,0.0,0.0,23.5,0
Mumbai,19.076,72.8777,2020-04-20,36.7,0.0,0.0,24.8,0
Mumbai,19.076,72.8777,2020-04-27,33.4,0.1,0.1,23.1,0
Mumbai,19.076,72.8777,2020-05-04,33.5,0.1,0.1,27.2,0
Mumbai,19.076,72.8777,2020-05-11,34.1,0.0,0.0,23.5,0
Mumbai,19.076,72.8777,2020-05-18,33.2,0.0,0.0,24.3,0
Mumbai,19.076,72.8777,2020-05-25,33.2,0.30000000000000004,0.2,22.1,0
Mumbai,19.076,72.8777,2020-06-01,34.6,8.1,6.9,23.4,0
Mumbai,19.076,72.8777,2020-06-08,30.1,195.6,144.5,58.6,1
Mumbai,19.076,72.8777,2020-06-15,29.9,62.8,19.4,15.6,0
Mumbai,19.076,72.8777,2020-06-22,29.0,102.8,30.1,27.2,0
Mumbai,19.076,72.8777,2020-06-29,30.1,66.6,17.9,28.0,0
Mumbai,19.076,72.8777,2020-07-06,29.4,337.0,169.8,37.7,1
Mumbai,19.076,72.8777,2020-07-13,28.4,156.0,41.8,28.2,0
Mumbai,19.076,72.8777,2020-07-20,28.8,173.2,45.8,30.1,0
Mumbai,19.076,72.8777,2020-07-27,29.2,72.5,21.4,18.7,0
Mumbai,19.076,72.8777,2020-08-03,29.6,193.9,107.7,34.4,1
Mumbai,19.076,72.8777,2020-08-10,28.9,394.2,153.3,48.1,1
Mumbai,19.076,72.8777,2020-08-17,27.6,257.2,57.1,27.6,1
Mumbai,19.076,72.8777,2020-08-24,28.6,139.9,42.8,27.9,0
Mumbai,19.076,72.8777,2020-08-31,28.9,118.3,34.5,25.8,0
Mumbai,19.076,72.8777,2020-09-07,30.9,24.0,10.1,19.8,0
Mumbai,19.076,72.8777,2020-09-14,29.8,69.3,27.5,39.3,0
Mumbai,19.076,72.8777,2020-09-21,29.7,66.4,16.3,17.5,0
Mumbai,19.076,72.8777,2020-09-28,29.1,189.99999999999997,150.2,31.5,1
Mumbai,19.076,72.8777,2020-10-05,29.6,19.5,9.0,15.3,0
Mumbai,19.076,72.8777,2020-10-12,31.8,15.7,7.2,16.1,0
Mumbai,19.076,72.8777,2020-10-19,30.9,46.8,28.4,24.0,0
Mumbai,19.076,72.8777,2020-10-26,31.0,36.699999999999996,15.4,15.5,0
Mumbai,19.076,72.8777,2020-11-02,32.0,0.0,0.0,13.2,0
Mumbai,19.076,72.8777,2020-11-09,33.7,0.0,0.0,16.2,0
Mumbai,19.076,72.8777,2020-11-16,33.4,0.0,0.0,18.3,0
Mumbai,19.076,72.8777,2020-11-23,33.8,0.1,0.1,18.4,0
Mumbai,19.076,72.8777,2020-11-30,33.0,0.0,0.0,22.6,0
Mumbai,19.076,72.8777,2020-12-07,33.3,0.0,0.0,19.5,0
Mumbai,19.076,72.8777,2020-12-14,33.0,24.8,22.5,17.7,0
Mumbai,19.076,72.8777,2020-12-21,31.9,0.0,0.0,21.0,0
Mumbai,19.076,72.8777,2020-12-28,32.5,0.0,0.0,23.1,0
Mumbai,19.076,72.8777,2021-01-04,32.0,0.0,0.0,20.4,0
Mumbai,19.076,72.8777,2021-01-11,31.3,3.6,2.8,21.8,0
Mumbai,19.076,72.8777,2021-01-18,32.7,0.0,0.0,20.7,0
Mumbai,19.076,72.8777,2021-01-25,30.6,0.0,0.0,20.1,0
Mumbai,19.076,72.8777,2021-02-01,32.6,0.0,0.0,20.4,0
Mumbai,19.076,72.8777,2021-02-08,32.9,0.0,0.0,22.7,0
Mumbai,19.076,72.8777,2021-02-15,32.7,0.0,0.0,23.4,0
Mumbai,19.076,72.8777,2021-02-22,34.0,1.1,1.0,25.3,0
Mumbai,19.076,72.8777,2021-03-01,35.1,0.0,0.0,24.2,0
Mumbai,19.076,72.8777,2021-03-08,36.6,0.0,0.0,25.0,0
Mumbai,19.076,72.8777,2021-03-15,35.7,0.0,0.0,24.2,0
Mumbai,19.076,72.8777,2021-03-22,34.7,0.0,0.0,24.2,0
Mumbai,19.076,72.8777,2021-03-29,38.6,0.0,0.0,25.3,0
Mumbai,19.076,72.8777,2021-04-05,31.7,0.1,0.1,22.7,0
Mumbai,19.076,72.8777,2021-04-12,34.1,0.0,0.0,24.7,0
Mumbai,19.076,72.8777,2021-04-19,36.1,0.0,0.0,23.5,0
Mumbai,19.076,72.8777,2021-04-26,33.6,0.0,0.0,23.9,0
Mumbai,19.076,72.8777,2021-05-03,34.3,0.0,0.0,22.1,0
Mumbai,19.076,72.8777,2021-05-10,33.6,0.0,0.0,20.8,0
Mumbai,19.076,72.8777,2021-05-17,36.2,206.9,199.9,61.9,1
Mumbai,19.076,72.8777,2021-05-24,30.9,43.7,22.6,47.5,0
Mumbai,19.076,72.8777,2021-05-31,31.5,19.7,4.8,21.9,0
Mumbai,19.076,72.8777,2021-06-07,31.0,52.9,11.1,19.5,0
Mumbai,19.076,72.8777,2021-06-14,29.0,123.2,25.1,22.0,0
Mumbai,19.076,72.8777,2021-06-21,29.1,91.7,18.5,26.6,0
Mumbai,19.076,72.8777,2021-06-28,29.4,88.9,36.7,19.1,0
Mumbai,19.076,72.8777,2021-07-05,29.9,17.8,4.8,22.8,0
Mumbai,19.076,72.8777,2021-07-12,29.6,156.4,85.5,36.8,1
Mumbai,19.076,72.8777,2021-07-19,28.4,252.4,55.2,31.5,1
Mumbai,19.076,72.8777,2021-07-26,28.5,153.4,36.7,34.8,0
Mumbai,19.076,72.8777,2021-08-02,28.8,51.0,12.4,31.3,0
Mumbai,19.076,72.8777,2021-08-09,28.4,36.4,9.8,24.4,0
Mumbai,19.076,72.8777,2021-08-16,28.0,37.0,9.1,19.1,0
Mumbai,19.076,72.8777,2021-08-23,28.5,172.8,71.7,22.0,1
Mumbai,19.076,72.8777,2021-08-30,28.4,16.5,6.0,17.0,0
Mumbai,19.076,72.8777,2021-09-06,27.9,121.7,49.1,23.8,0
Mumbai,19.076,72.8777,2021-09-13,28.4,321.90000000000003,146.8,34.9,1
Mumbai,19.076,72.8777,2021-09-20,28.5,39.6,10.2,25.5,0
Mumbai,19.076,72.8777,2021-09-27,28.5,56.3,19.7,16.8,0
Mumbai,19.076,72.8777,2021-10-04,30.5,50.6,30.7,24.9,0
Mumbai,19.076,72.8777,2021-10-11,31.9,43.5,14.6,17.7,0
Mumbai,19.076,72.8777,2021-10-18,32.9,4.1,1.6,20.0,0
Mumbai,19.076,72.8777,2021-10-25,32.1,0.5,0.5,20.2,0
Mumbai,19.076,72.8777,2021-11-01,33.6,0.0,0.0,21.6,0
Mumbai,19.076,72.8777,2021-11-08,33.7,1.7000000000000002,1.6,21.1,0
Mumbai,19.076,72.8777,2021-11-15,32.7,0.0,0.0,22.6,0
Mumbai,19.076,72.8777,2021-11-22,33.5,16.3,7.9,19.2,0
Mumbai,19.076,72.8777,2021-11-29,32.6,0.0,0.0,17.3,0
Mumbai,19.076,72.8777,2021-12-06,32.5,99.2,56.7,26.9,1
Mumbai,19.076,72.8777,2021-12-13,31.6,0.0,0.0,16.3,0
Mumbai,19.076,72.8777,2021-12-20,29.9,0.0,0.0,17.1,0
Mumbai,19.076,72.8777,2021-12-27,29.4,0.0,0.0,17.8,0
Mumbai,19.076,72.8777,2022-01-03,31.4,0.0,0.0,21.5,0
Mumbai,19.076,72.8777,2022-01-10,31.2,2.3,2.3,23.1,0
Mumbai,19.076,72.8777,2022-01-17,31.4,0.0,0.0,20.5,0
Mumbai,19.076,72.8777,2022-01-24,29.2,1.4,1.0,25.5,0
Mumbai,19.076,72.8777,2022-01-31,31.0,0.0,0.0,20.5,0
Mumbai,19.076,72.8777,2022-02-07,29.4,0.0,0.0,21.9,0
Mumbai,19.076,72.8777,2022-02-14,32.2,0.0,0.0,24.0,0
Mumbai,19.076,72.8777,2022-02-21,31.2,0.0,0.0,22.9,0
Mumbai,19.076,72.8777,2022-02-28,32.3,0.0,0.0,24.2,0
Mumbai,19.076,72.8777,2022-03-07,35.3,0.0,0.0,24.7,0
Mumbai,19.076,72.8777,2022-03-14,36.3,0.1,0.1,23.3,0
Mumbai,19.076,72.8777,2022-03-21,36.0,0.0,0.0,27.1,0
Mumbai,19.076,72.8777,2022-03-28,38.0,0.0,0.0,28.0,0
Mumbai,19.076,72.8777,2022-04-04,33.8,0.0,0.0,23.9,0
Mumbai,19.076,72.8777,2022-04-11,33.4,0.0,0.0,23.4,0
Mumbai,19.076,72.8777,2022-04-18,34.8,0.0,0.0,23.8,0
Mumbai,19.076,72.8777,2022-04-25,38.3,0.0,0.0,29.8,0
Mumbai,19.076,72.8777,2022-05-02,36.2,0.0,0.0,24.0,0
Mumbai,19.076,72.8777,2022-05-09,33.2,0.1,0.1,26.7,0
Mumbai,19.076,72.8777,2022-05-16,32.9,0.0,0.0,24.5,0
Mumbai,19.076,72.8777,2022-05-23,32.8,3.9000000000000004,2.7,22.9,0
Mumbai,19.076,72.8777,2022-05-30,33.2,1.2,0.6,22.0,0
Mumbai,19.076,72.8777,2022-06-06,32.8,0.0,0.0,21.4,0
Mumbai,19.076,72.8777,2022-06-13,32.7,73.7,25.2,26.3,0
Mumbai,19.076,72.8777,2022-06-20,30.5,114.8,54.8,22.9,1
Mumbai,19.076,72.8777,2022-06-27,29.9,177.2,46.8,29.5,0
Mumbai,19.076,72.8777,2022-07-04,28.4,183.6,43.4,23.1,0
Mumbai,19.076,72.8777,2022-07-11,28.6,323.5,79.9,25.9,1
Mumbai,19.076,72.8777,2022-07-18,28.8,284.2,68.3,34.6,1
Mumbai,19.076,72.8777,2022-07-25,28.9,122.69999999999999,34.3,21.1,0
Mumbai,19.076,72.8777,2022-08-01,29.3,18.5,6.5,17.4,0
Mumbai,19.076,72.8777,2022-08-08,29.1,176.7,56.5,35.1,1
Mumbai,19.076,72.8777,2022-08-15,28.5,201.2,71.3,39.5,1
Mumbai,19.076,72.8777,2022-08-22,27.9,126.89999999999999,64.1,31.9,1
Mumbai,19.076,72.8777,2022-08-29,28.6,29.0,7.9,24.8,0
Mumbai,19.076,72.8777,2022-09-05,30.4,43.6,18.7,18.3,0
Mumbai,19.076,72.8777,2022-09-12,30.1,152.2,39.7,17.7,0
Mumbai,19.076,72.8777,2022-09-19,27.8,400.2,96.6,30.5,1
Mumbai,19.076,72.8777,2022-09-26,28.0,62.2,18.0,18.7,0
Mumbai,19.076,72.8777,2022-10-03,29.0,19.0,10.3,18.9,0
Mumbai,19.076,72.8777,2022-10-10,30.0,66.8,31.9,22.1,0
Mumbai,19.076,72.8777,2022-10-17,32.0,48.8,14.5,15.6,0
Mumbai,19.076,72.8777,2022-10-24,31.4,17.6,7.4,17.7,0
Mumbai,19.076,72.8777,2022-10-31,31.8,0.0,0.0,16.6,0
Mumbai,19.076,72.8777,2022-11-07,33.4,0.0,0.0,16.4,0
Mumbai,19.076,72.8777,2022-11-14,33.0,0.0,0.0,20.3,0
Mumbai,19.076,72.8777,2022-11-21,32.3,0.0,0.0,20.4,0
Mumbai,19.076,72.8777,2022-11-28,32.1,0.0,0.0,19.1,0
Mumbai,19.076,72.8777,2022-12-05,32.5,0.0,0.0,17.9,0
Mumbai,19.076,72.8777,2022-12-12,32.2,0.0,0.0,19.8,0
Mumbai,19.076,72.8777,2022-12-19,33.5,0.2,0.2,20.5,0
Mumbai,19.076,72.8777,2022-12-26,31.0,0.0,0.0,20.4,0
Mumbai,19.076,72.8777,2023-01-02,30.6,0.0,0.0,20.3,0
Mumbai,19.076,72.8777,2023-01-09,32.0,0.0,0.0,19.0,0
Mumbai,19.076,72.8777,2023-01-16,31.1,0.0,0.0,22.2,0
Mumbai,19.076,72.8777,2023-01-23,29.2,0.0,0.0,24.2,0
Mumbai,19.076,72.8777,2023-01-30,32.5,1.0,1.0,26.7,0
Mumbai,19.076,72.8777,2023-02-06,33.9,0.0,0.0,22.2,0
Mumbai,19.076,72.8777,2023-02-13,33.8,0.0,0.0,24.0,0
Mumbai,19.076,72.8777,2023-02-20,35.6,0.0,0.0,25.3,0
Mumbai,19.076,72.8777,2023-02-27,34.8,0.0,0.0,23.0,0
Mumbai,19.076,72.8777,2023-03-06,36.3,0.1,0.1,21.2,0
Mumbai,19.076,72.8777,2023-03-13,37.7,0.0,0.0,23.4,0
Mumbai,19.076,72.8777,2023-03-20,36.5,14.0,13.3,20.5,0
Mumbai,19.076,72.8777,2023-03-27,30.2,1.1,0.7,23.7,0
Mumbai,19.076,72.8777,2023-04-03,30.1,0.6000000000000001,0.4,23.8,0
Mumbai,19.076,72.8777,2023-04-10,35.9,0.0,0.0,23.8,0
Mumbai,19.076,72.8777,2023-04-17,35.7,0.0,0.0,25.0,0
Mumbai,19.076,72.8777,2023-04-24,37.2,0.0,0.0,24.1,0
Mumbai,19.076,72.8777,2023-05-01,32.7,3.0,2.1,21.7,0
Mumbai,19.076,72.8777,2023-05-08,32.3,10.399999999999999,8.2,22.4,0
Mumbai,19.076,72.8777,2023-05-15,34.5,0.5,0.5,21.9,0
Mumbai,19.076,72.8777,2023-05-22,33.6,0.6,0.3,24.4,0
Mumbai,19.076,72.8777,2023-05-29,33.8,2.0,2.0,24.0,0
Mumbai,19.076,72.8777,2023-06-05,34.5,1.3,0.8,24.7,0
Mumbai,19.076,72.8777,2023-06-12,34.0,17.6,5.3,42.6,0
Mumbai,19.076,72.8777,2023-06-19,31.9,29.4,6.6,37.5,0
Mumbai,19.076,72.8777,2023-06-26,31.5,85.6,32.9,20.4,0
Mumbai,19.076,72.8777,2023-07-03,28.9,258.5,55.8,27.3,1
Mumbai,19.076,72.8777,2023-07-10,29.7,259.7,97.5,29.3,1
Mumbai,19.076,72.8777,2023-07-17,29.5,171.1,63.8,21.0,1
Mumbai,19.076,72.8777,2023-07-24,28.1,325.5,67.7,28.1,1
Mumbai,19.076,72.8777,2023-07-31,28.8,310.2,93.9,26.6,1
Mumbai,19.076,72.8777,2023-08-07,29.3,38.8,15.1,27.7,0
Mumbai,19.076,72.8777,2023-08-14,29.4,29.3,7.3,24.8,0
Mumbai,19.076,72.8777,2023-08-21,29.3,31.9,10.5,20.9,0
Mumbai,19.076,72.8777,2023-08-28,29.4,56.1,15.1,21.2,0
Mumbai,19.076,72.8777,2023-09-04,30.5,21.0,10.0,18.8,0
Mumbai,19.076,72.8777,2023-09-11,29.9,90.3,50.6,22.7,1
Mumbai,19.076,72.8777,2023-09-18,29.3,59.0,30.9,23.0,0
Mumbai,19.076,72.8777,2023-09-25,28.5,127.3,35.3,22.3,0
Mumbai,19.076,72.8777,2023-10-02,32.5,91.1,25.9,20.2,0
Mumbai,19.076,72.8777,2023-10-09,32.3,4.3,2.9,18.1,0
Mumbai,19.076,72.8777,2023-10-16,33.4,0.7,0.7,20.3,0
Mumbai,19.076,72.8777,2023-10-23,34.9,1.1,1.0,18.7,0
Mumbai,19.076,72.8777,2023-10-30,34.8,0.0,0.0,20.7,0
Mumbai,19.076,72.8777,2023-11-06,35.3,0.0,0.0,19.9,0
Mumbai,19.076,72.8777,2023-11-13,35.2,1.1,1.1,20.2,0
Mumbai,19.076,72.8777,2023-11-20,34.2,0.0,0.0,17.6,0
Mumbai,19.076,72.8777,2023-11-27,34.4,3.3,2.4,20.2,0
Mumbai,19.076,72.8777,2023-12-04,33.3,0.6,0.3,19.7,0
Mumbai,19.076,72.8777,2023-12-11,32.8,0.0,0.0,19.4,0
Mumbai,19.076,72.8777,2023-12-18,32.9,0.0,0.0,18.8,0
Mumbai,19.076,72.8777,2023-12-25,33.1,0.0,0.0,18.4,0
Mumbai,19.076,72.8777,2024-01-01,33.8,0.0,0.0,16.9,0
Bangalore,12.9716,77.5946,2014-01-06,28.6,0.0,0.0,15.5,0
Bangalore,12.9716,77.5946,2014-01-13,28.4,0.0,0.0,16.2,0
Bangalore,12.9716,77.5946,2014-01-20,27.8,0.0,0.0,18.0,0
Bangalore,12.9716,77.5946,2014-01-27,28.2,0.0,0.0,22.9,0
Bangalore,12.9716,77.5946,2014-02-03,29.1,0.0,0.0,15.9,0
Bangalore,12.9716,77.5946,2014-02-10,30.6,0.0,0.0,13.9,0
Bangalore,12.9716,77.5946,2014-02-17,29.5,0.2,0.2,16.8,0
Bangalore,12.9716,77.5946,2014-02-24,30.3,0.0,0.0,19.5,0
Bangalore,12.9716,77.5946,2014-03-03,30.7,4.0,2.1,16.1,0
Bangalore,12.9716,77.5946,2014-03-10,30.5,3.0,1.7,16.9,0
Bangalore,12.9716,77.5946,2014-03-17,33.3,0.0,0.0,21.0,0
Bangalore,12.9716,77.5946,2014-03-24,34.4,0.0,0.0,17.1,0
Bangalore,12.9716,77.5946,2014-03-31,35.2,0.0,0.0,19.0,0
Bangalore,12.9716,77.5946,2014-04-07,35.1,0.0,0.0,16.8,0
Bangalore,12.9716,77.5946,2014-04-14,35.2,4.2,1.6,16.0,0
Bangalore,12.9716,77.5946,2014-04-21,35.2,3.0999999999999996,2.8,17.7,0
Bangalore,12.9716,77.5946,2014-04-28,36.1,0.2,0.2,15.6,0
Bangalore,12.9716,77.5946,2014-05-05,36.3,6.0,3.9,16.9,0
Bangalore,12.9716,77.5946,2014-05-12,31.7,63.4,29.2,21.1,0
Bangalore,12.9716,77.5946,2014-05-19,33.5,3.9999999999999996,2.3,13.8,0
Bangalore,12.9716,77.5946,2014-05-26,32.5,36.4,23.8,16.9,0
Bangalore,12.9716,77.5946,2014-06-02,31.6,80.6,20.1,15.1,0
Bangalore,12.9716,77.5946,2014-06-09,30.4,18.6,5.8,23.7,0
Bangalore,12.9716,77.5946,2014-06-16,29.1,10.0,6.9,27.4,0
Bangalore,12.9716,77.5946,2014-06-23,28.8,3.0,1.2,28.9,0
Bangalore,12.9716,77.5946,2014-06-30,31.6,3.6,1.5,22.7,0
Bangalore,12.9716,77.5946,2014-07-07,31.4,42.5,13.9,20.9,0
Bangalore,12.9716,77.5946,2014-07-14,26.8,28.4,9.3,31.5,0
Bangalore,12.9716,77.5946,2014-07-21,26.7,9.1,6.6,31.3,0
Bangalore,12.9716,77.5946,2014-07-28,26.6,14.799999999999999,5.1,31.4,0
Bangalore,12.9716,77.5946,2014-08-04,26.8,39.2,20.1,28.7,0
Bangalore,12.9716,77.5946,2014-08-11,26.3,33.1,8.4,28.5,0
Bangalore,12.9716,77.5946,2014-08-18,27.0,29.9,11.9,20.1,0
Bangalore,12.9716,77.5946,2014-08-25,28.8,36.5,16.4,18.0,0
Bangalore,12.9716,77.5946,2014-09-01,25.8,25.700000000000003,8.8,28.6,0
Bangalore,12.9716,77.5946,2014-09-08,26.2,21.1,8.1,23.9,0
Bangalore,12.9716,77.5946,2014-09-15,28.0,3.7,2.6,20.5,0
Bangalore,12.9716,77.5946,2014-09-22,27.6,25.2,8.4,21.3,0
Bangalore,12.9716,77.5946,2014-09-29,28.1,57.5,14.9,13.4,0
Bangalore,12.9716,77.5946,2014-10-06,29.5,36.5,12.9,10.8,0
Bangalore,12.9716,77.5946,2014-10-13,27.9,39.9,11.6,14.8,0
Bangalore,12.9716,77.5946,2014-10-20,28.1,26.200000000000003,11.0,18.3,0
Bangalore,12.9716,77.5946,2014-10-27,25.9,55.800000000000004,20.1,19.7,0
Bangalore,12.9716,77.5946,2014-11-03,26.2,5.0,3.2,16.9,0
Bangalore,12.9716,77.5946,2014-11-10,27.9,0.0,0.0,15.3,0
Bangalore,12.9716,77.5946,2014-11-17,27.9,30.7,22.2,21.4,0
Bangalore,12.9716,77.5946,2014-11-24,27.0,0.0,0.0,16.7,0
Bangalore,12.9716,77.5946,2014-12-01,26.9,4.6,4.6,19.9,0
Bangalore,12.9716,77.5946,2014-12-08,27.8,0.1,0.1,13.4,0
Bangalore,12.9716,77.5946,2014-12-15,28.3,9.3,6.8,15.3,0
Bangalore,12.9716,77.5946,2014-12-22,27.5,0.4,0.3,21.6,0
Bangalore,12.9716,77.5946,2014-12-29,26.9,6.6,4.5,13.9,0
Bangalore,12.9716,77.5946,2015-01-05,27.5,5.6,4.8,13.2,0
Bangalore,12.9716,77.5946,2015-01-12,27.0,0.0,0.0,12.4,0
Bangalore,12.9716,77.5946,2015-01-19,28.1,0.0,0.0,18.1,0
Bangalore,12.9716,77.5946,2015-01-26,28.4,0.4,0.4,17.6,0
Bangalore,12.9716,77.5946,2015-02-02,28.5,0.0,0.0,16.6,0
Bangalore,12.9716,77.5946,2015-02-09,29.2,0.0,0.0,16.2,0
Bangalore,12.9716,77.5946,2015-02-16,30.8,0.0,0.0,14.3,0
Bangalore,12.9716,77.5946,2015-02-23,31.0,0.0,0.0,19.9,0
Bangalore,12.9716,77.5946,2015-03-02,31.2,2.2,1.6,15.6,0
Bangalore,12.9716,77.5946,2015-03-09,29.9,9.7,3.4,15.0,0
Bangalore,12.9716,77.5946,2015-03-16,31.3,0.1,0.1,16.6,0
Bangalore,12.9716,77.5946,2015-03-23,34.8,0.0,0.0,16.9,0
Bangalore,12.9716,77.5946,2015-03-30,35.0,0.0,0.0,17.9,0
Bangalore,12.9716,77.5946,2015-04-06,34.4,2.7,1.9,14.7,0
Bangalore,12.9716,77.5946,2015-04-13,33.8,39.0,22.7,15.9,0
Bangalore,12.9716,77.5946,2015-04-20,30.2,12.700000000000001,9.8,12.9,0
Bangalore,12.9716,77.5946,2015-04-27,31.4,16.5,4.8,13.0,0
Bangalore,12.9716,77.5946,2015-05-04,32.3,19.5,7.8,12.9,0
Bangalore,12.9716,77.5946,2015-05-11,33.3,6.5,3.8,11.5,0
Bangalore,12.9716,77.5946,2015-05-18,30.3,61.7,20.4,14.0,0
Bangalore,12.9716,77.5946,2015-05-25,31.6,17.6,7.8,18.8,0
Bangalore,12.9716,77.5946,2015-06-01,31.6,78.1,43.3,16.6,0
Bangalore,12.9716,77.5946,2015-06-08,29.4,33.2,10.8,17.6,0
Bangalore,12.9716,77.5946,2015-06-15,29.2,27.0,8.3,21.5,0
Bangalore,12.9716,77.5946,2015-06-22,26.7,19.599999999999998,5.0,33.8,0
Bangalore,12.9716,77.5946,2015-06-29,28.5,5.1,2.0,33.5,0
Bangalore,12.9716,77.5946,2015-07-06,29.6,4.2,3.5,25.4,0
Bangalore,12.9716,77.5946,2015-07-13,28.8,7.7,2.5,27.7,0
Bangalore,12.9716,77.5946,2015-07-20,28.3,24.8,8.0,27.9,0
Bangalore,12.9716,77.5946,2015-07-27,26.9,45.900000000000006,17.1,22.4,0
Bangalore,12.9716,77.5946,2015-08-03,27.5,20.3,8.0,20.7,0
Bangalore,12.9716,77.5946,2015-08-10,27.4,23.700000000000003,9.5,26.6,0
Bangalore,12.9716,77.5946,2015-08-17,27.8,42.599999999999994,21.4,22.0,0
Bangalore,12.9716,77.5946,2015-08-24,28.5,41.9,13.9,19.0,0
Bangalore,12.9716,77.5946,2015-08-31,28.3,9.9,8.6,19.5,0
Bangalore,12.9716,77.5946,2015-09-07,28.8,64.2,25.7,14.4,0
Bangalore,12.9716,77.5946,2015-09-14,27.3,8.4,3.9,25.2,0
Bangalore,12.9716,77.5946,2015-09-21,27.3,5.800000000000001,2.6,26.6,0
Bangalore,12.9716,77.5946,2015-09-28,28.9,52.3,15.6,11.5,0
Bangalore,12.9716,77.5946,2015-10-05,27.0,46.1,22.8,15.7,0
Bangalore,12.9716,77.5946,2015-10-12,27.6,26.9,9.1,18.4,0
Bangalore,12.9716,77.5946,2015-10-19,28.9,0.0,0.0,11.6,0
Bangalore,12.9716,77.5946,2015-10-26,29.0,0.0,0.0,16.3,0
Bangalore,12.9716,77.5946,2015-11-02,28.6,28.4,18.0,14.2,0
Bangalore,12.9716,77.5946,2015-11-09,27.0,70.9,32.0,25.5,0
Bangalore,12.9716,77.5946,2015-11-16,26.0,176.8,126.6,24.1,1
Bangalore,12.9716,77.5946,2015-11-23,25.2,57.7,17.6,20.5,0
Bangalore,12.9716,77.5946,2015-11-30,26.6,22.2,14.5,19.5,0
Bangalore,12.9716,77.5946,2015-12-07,25.3,33.800000000000004,19.1,22.3,0
Bangalore,12.9716,77.5946,2015-12-14,26.8,5.2,3.7,14.7,0
Bangalore,12.9716,77.5946,2015-12-21,26.8,0.0,0.0,14.0,0
Bangalore,12.9716,77.5946,2015-12-28,26.8,0.0,0.0,21.6,0
Bangalore,12.9716,77.5946,2016-01-04,26.8,0.0,0.0,19.8,0
Bangalore,12.9716,77.5946,2016-01-11,26.3,0.0,0.0,13.9,0
Bangalore,12.9716,77.5946,2016-01-18,26.7,0.0,0.0,16.2,0
Bangalore,12.9716,77.5946,2016-01-25,27.3,2.5,1.2,16.0,0
Bangalore,12.9716,77.5946,2016-02-01,29.6,0.0,0.0,17.7,0
Bangalore,12.9716,77.5946,2016-02-08,30.1,0.0,0.0,14.8,0
Bangalore,12.9716,77.5946,2016-02-15,30.1,0.0,0.0,16.6,0
Bangalore,12.9716,77.5946,2016-02-22,33.2,0.0,0.0,21.1,0
Bangalore,12.9716,77.5946,2016-02-29,32.8,0.0,0.0,14.0,0
Bangalore,12.9716,77.5946,2016-03-07,32.0,0.0,0.0,17.3,0
Bangalore,12.9716,77.5946,2016-03-14,33.5,0.1,0.1,13.4,0
Bangalore,12.9716,77.5946,2016-03-21,35.0,1.0,1.0,16.3,0
Bangalore,12.9716,77.5946,2016-03-28,34.2,0.0,0.0,16.1,0
Bangalore,12.9716,77.5946,2016-04-04,34.7,0.0,0.0,13.7,0
Bangalore,12.9716,77.5946,2016-04-11,35.1,2.3,1.7,14.7,0
Bangalore,12.9716,77.5946,2016-04-18,35.9,0.0,0.0,14.9,0
Bangalore,12.9716,77.5946,2016-04-25,36.7,0.6000000000000001,0.4,14.3,0
Bangalore,12.9716,77.5946,2016-05-02,35.8,2.1,2.1,15.6,0
Bangalore,12.9716,77.5946,2016-05-09,34.6,29.6,11.0,20.9,0
Bangalore,12.9716,77.5946,2016-05-16,34.2,12.5,6.0,12.5,0
Bangalore,12.9716,77.5946,2016-05-23,33.1,26.5,16.7,22.9,0
Bangalore,12.9716,77.5946,2016-05-30,32.9,20.6,7.8,19.1,0
Bangalore,12.9716,77.5946,2016-06-06,30.4,82.39999999999999,16.4,18.1,0
Bangalore,12.9716,77.5946,2016-06-13,28.7,35.8,18.0,25.9,0
Bangalore,12.9716,77.5946,2016-06-20,27.9,29.200000000000003,15.1,28.0,0
Bangalore,12.9716,77.5946,2016-06-27,26.2,71.7,23.2,28.4,0
Bangalore,12.9716,77.5946,2016-07-04,26.7,71.0,37.4,32.4,0
Bangalore,12.9716,77.5946,2016-07-11,26.0,45.9,23.5,34.5,0
Bangalore,12.9716,77.5946,2016-07-18,27.0,31.7,8.4,28.9,0
Bangalore,12.9716,77.5946,2016-07-25,27.0,55.3,17.0,24.1,0
Bangalore,12.9716,77.5946,2016-08-01,27.8,65.4,23.6,28.1,0
Bangalore,12.9716,77.5946,2016-08-08,26.2,3.2,1.9,31.0,0
Bangalore,12.9716,77.5946,2016-08-15,27.3,8.1,3.5,25.2,0
Bangalore,12.9716,77.5946,2016-08-22,27.2,2.3,0.7,29.0,0
Bangalore,12.9716,77.5946,2016-08-29,27.7,22.700000000000003,10.8,19.5,0
Bangalore,12.9716,77.5946,2016-09-05,26.4,23.4,12.9,20.4,0
Bangalore,12.9716,77.5946,2016-09-12,27.2,3.5,1.9,19.5,0
Bangalore,12.9716,77.5946,2016-09-19,27.3,4.1,1.7,22.8,0
Bangalore,12.9716,77.5946,2016-09-26,26.7,15.100000000000001,8.4,26.6,0
Bangalore,12.9716,77.5946,2016-10-03,28.0,21.6,10.1,17.1,0
Bangalore,12.9716,77.5946,2016-10-10,28.2,1.8000000000000003,1.1,19.8,0
Bangalore,12.9716,77.5946,2016-10-17,28.3,21.900000000000002,18.3,13.2,0
Bangalore,12.9716,77.5946,2016-10-24,29.3,0.0,0.0,12.5,0
Bangalore,12.9716,77.5946,2016-10-31,30.2,0.2,0.2,13.9,0
Bangalore,12.9716,77.5946,2016-11-07,29.7,3.5,2.3,16.9,0
Bangalore,12.9716,77.5946,2016-11-14,29.2,0.8,0.8,14.1,0
Bangalore,12.9716,77.5946,2016-11-21,29.5,0.0,0.0,18.9,0
Bangalore,12.9716,77.5946,2016-11-28,31.1,0.0,0.0,15.7,0
Bangalore,12.9716,77.5946,2016-12-05,29.8,12.799999999999999,6.2,20.5,0
Bangalore,12.9716,77.5946,2016-12-12,28.1,7.4,7.4,26.8,0
Bangalore,12.9716,77.5946,2016-12-19,26.4,36.9,34.0,28.5,0
Bangalore,12.9716,77.5946,2016-12-26,27.9,0.0,0.0,13.1,0
Bangalore,12.9716,77.5946,2017-01-02,27.7,0.0,0.0,15.7,0
Bangalore,12.9716,77.5946,2017-01-09,28.1,0.0,0.0,20.5,0
Bangalore,12.9716,77.5946,2017-01-16,27.1,0.0,0.0,20.8,0
Bangalore,12.9716,77.5946,2017-01-23,28.4,0.2,0.2,25.2,0
Bangalore,12.9716,77.5946,2017-01-30,28.2,38.5,30.1,22.3,0
Bangalore,12.9716,77.5946,2017-02-06,28.4,0.0,0.0,17.5,0
Bangalore,12.9716,77.5946,2017-02-13,30.0,0.0,0.0,19.9,0
Bangalore,12.9716,77.5946,2017-02-20,31.2,0.1,0.1,25.2,0
Bangalore,12.9716,77.5946,2017-02-27,33.3,0.0,0.0,25.3,0
Bangalore,12.9716,77.5946,2017-03-06,31.7,12.299999999999999,12.1,25.4,0
Bangalore,12.9716,77.5946,2017-03-13,33.6,2.5,1.1,17.3,0
Bangalore,12.9716,77.5946,2017-03-20,33.8,11.5,9.3,17.7,0
Bangalore,12.9716,77.5946,2017-03-27,35.3,2.6999999999999997,2.3,23.0,0
Bangalore,12.9716,77.5946,2017-04-03,35.7,0.5,0.5,21.5,0
Bangalore,12.9716,77.5946,2017-04-10,34.9,5.6,4.1,16.6,0
Bangalore,12.9716,77.5946,2017-04-17,35.4,1.2,1.2,20.3,0
Bangalore,12.9716,77.5946,2017-04-24,35.0,2.9000000000000004,2.7,19.1,0
Bangalore,12.9716,77.5946,2017-05-01,33.9,4.8,2.0,18.7,0
Bangalore,12.9716,77.5946,2017-05-08,34.5,3.2,1.9,18.5,0
Bangalore,12.9716,77.5946,2017-05-15,33.9,18.9,4.4,15.4,0
Bangalore,12.9716,77.5946,2017-05-22,33.3,58.3,36.1,16.9,0
Bangalore,12.9716,77.5946,2017-05-29,32.3,27.6,10.2,24.1,0
Bangalore,12.9716,77.5946,2017-06-05,30.6,9.5,3.6,26.6,0
Bangalore,12.9716,77.5946,2017-06-12,29.6,39.1,11.5,32.2,0
Bangalore,12.9716,77.5946,2017-06-19,28.5,24.3,8.3,23.4,0
Bangalore,12.9716,77.5946,2017-06-26,27.9,14.7,3.8,31.7,0
Bangalore,12.9716,77.5946,2017-07-03,28.0,9.1,3.8,30.2,0
Bangalore,12.9716,77.5946,2017-07-10,28.9,9.6,3.1,28.2,0
Bangalore,12.9716,77.5946,2017-07-17,29.6,28.3,14.5,30.3,0
Bangalore,12.9716,77.5946,2017-07-24,28.6,13.0,4.8,33.5,0
Bangalore,12.9716,77.5946,2017-07-31,30.2,13.5,4.1,25.1,0
Bangalore,12.9716,77.5946,2017-08-07,31.0,13.3,3.8,24.7,0
Bangalore,12.9716,77.5946,2017-08-14,29.3,23.7,9.9,18.4,0
Bangalore,12.9716,77.5946,2017-08-21,28.1,63.5,14.2,25.1,0
Bangalore,12.9716,77.5946,2017-08-28,26.4,61.6,15.6,26.2,0
Bangalore,12.9716,77.5946,2017-09-04,28.0,41.5,12.8,24.8,0
Bangalore,12.9716,77.5946,2017-09-11,27.8,117.19999999999999,33.6,18.0,0
Bangalore,12.9716,77.5946,2017-09-18,29.2,18.7,9.1,32.6,0
Bangalore,12.9716,77.5946,2017-09-25,27.4,32.5,19.2,30.6,0
Bangalore,12.9716,77.5946,2017-10-02,26.5,55.9,17.0,16.4,0
Bangalore,12.9716,77.5946,2017-10-09,27.4,40.2,7.9,13.4,0
Bangalore,12.9716,77.5946,2017-10-16,27.5,81.6,29.7,18.5,0
Bangalore,12.9716,77.5946,2017-10-23,28.0,1.4,0.7,14.1,0
Bangalore,12.9716,77.5946,2017-10-30,28.1,4.199999999999999,1.4,23.7,0
Bangalore,12.9716,77.5946,2017-11-06,26.7,36.8,28.3,25.4,0
Bangalore,12.9716,77.5946,2017-11-13,26.6,2.4,1.8,20.8,0
Bangalore,12.9716,77.5946,2017-11-20,27.5,7.1,3.3,14.7,0
Bangalore,12.9716,77.5946,2017-11-27,28.5,1.5,0.7,21.4,0
Bangalore,12.9716,77.5946,2017-12-04,28.0,11.9,5.1,33.6,0
Bangalore,12.9716,77.5946,2017-12-11,28.9,0.2,0.1,17.4,0
Bangalore,12.9716,77.5946,2017-12-18,28.3,1.2,1.2,23.5,0
Bangalore,12.9716,77.5946,2017-12-25,27.6,0.0,0.0,22.3,0
Bangalore,12.9716,77.5946,2018-01-01,27.5,0.0,0.0,19.0,0
Bangalore,12.9716,77.5946,2018-01-08,27.8,0.0,0.0,18.4,0
Bangalore,12.9716,77.5946,2018-01-15,29.5,0.2,0.1,22.0,0
Bangalore,12.9716,77.5946,2018-01-22,28.6,0.0,0.0,19.9,0
Bangalore,12.9716,77.5946,2018-01-29,28.4,0.0,0.0,19.1,0
Bangalore,12.9716,77.5946,2018-02-05,28.5,0.0,0.0,19.5,0
Bangalore,12.9716,77.5946,2018-02-12,29.5,10.5,5.2,18.3,0
Bangalore,12.9716,77.5946,2018-02-19,30.1,0.0,0.0,18.8,0
Bangalore,12.9716,77.5946,2018-02-26,30.5,0.0,0.0,21.6,0
Bangalore,12.9716,77.5946,2018-03-05,32.7,0.0,0.0,18.9,0
Bangalore,12.9716,77.5946,2018-03-12,32.6,0.0,0.0,24.0,0
Bangalore,12.9716,77.5946,2018-03-19,31.7,40.900000000000006,15.3,24.8,0
Bangalore,12.9716,77.5946,2018-03-26,34.0,0.2,0.2,19.9,0
Bangalore,12.9716,77.5946,2018-04-02,33.9,17.5,8.6,16.1,0
Bangalore,12.9716,77.5946,2018-04-09,32.7,0.3,0.3,19.4,0
Bangalore,12.9716,77.5946,2018-04-16,33.8,6.7,6.4,19.1,0
Bangalore,12.9716,77.5946,2018-04-23,34.6,7.7,3.5,16.6,0
Bangalore,12.9716,77.5946,2018-04-30,34.0,11.9,4.9,19.2,0
Bangalore,12.9716,77.5946,2018-05-07,33.8,5.7,4.7,16.2,0
Bangalore,12.9716,77.5946,2018-05-14,31.6,43.0,14.0,17.1,0
Bangalore,12.9716,77.5946,2018-05-21,31.5,27.9,12.5,12.0,0
Bangalore,12.9716,77.5946,2018-05-28,30.1,75.7,23.7,16.2,0
Bangalore,12.9716,77.5946,2018-06-04,30.0,59.1,18.7,17.4,0
Bangalore,12.9716,77.5946,2018-06-11,28.2,38.0,11.9,33.7,0
Bangalore,12.9716,77.5946,2018-06-18,28.0,16.1,5.0,29.4,0
Bangalore,12.9716,77.5946,2018-06-25,28.0,21.1,7.9,27.4,0
Bangalore,12.9716,77.5946,2018-07-02,27.4,29.4,7.6,28.7,0
Bangalore,12.9716,77.5946,2018-07-09,28.0,50.10000000000001,33.7,28.8,0
Bangalore,12.9716,77.5946,2018-07-16,26.8,25.8,5.4,34.6,0
Bangalore,12.9716,77.5946,2018-07-23,27.1,16.1,4.5,33.8,0
Bangalore,12.9716,77.5946,2018-07-30,28.0,28.2,11.0,24.9,0
Bangalore,12.9716,77.5946,2018-08-06,27.8,8.9,2.1,28.9,0
Bangalore,12.9716,77.5946,2018-08-13,27.3,42.7,12.0,33.5,0
Bangalore,12.9716,77.5946,2018-08-20,26.8,49.199999999999996,30.4,32.7,0
Bangalore,12.9716,77.5946,2018-08-27,27.8,21.4,9.8,28.2,0
Bangalore,12.9716,77.5946,2018-09-03,27.2,20.7,13.2,21.3,0
Bangalore,12.9716,77.5946,2018-09-10,28.0,7.5,3.8,21.7,0
Bangalore,12.9716,77.5946,2018-09-17,29.1,39.1,14.0,18.2,0
Bangalore,12.9716,77.5946,2018-09-24,28.6,54.5,26.7,20.1,0
Bangalore,12.9716,77.5946,2018-10-01,28.6,47.199999999999996,18.9,14.6,0
Bangalore,12.9716,77.5946,2018-10-08,28.5,36.5,19.1,23.0,0
Bangalore,12.9716,77.5946,2018-10-15,29.1,20.6,11.7,18.4,0
Bangalore,12.9716,77.5946,2018-10-22,27.7,28.9,11.3,17.5,0
Bangalore,12.9716,77.5946,2018-10-29,29.0,0.0,0.0,20.8,0
Bangalore,12.9716,77.5946,2018-11-05,30.8,5.800000000000001,3.7,20.9,0
Bangalore,12.9716,77.5946,2018-11-12,29.9,0.0,0.0,19.6,0
Bangalore,12.9716,77.5946,2018-11-19,29.9,4.0,1.9,32.4,0
Bangalore,12.9716,77.5946,2018-11-26,29.4,16.5,8.3,25.1,0
Bangalore,12.9716,77.5946,2018-12-03,27.4,0.8,0.8,19.2,0
Bangalore,12.9716,77.5946,2018-12-10,29.2,2.0,1.0,22.0,0
Bangalore,12.9716,77.5946,2018-12-17,29.0,0.30000000000000004,0.2,21.7,0
Bangalore,12.9716,77.5946,2018-12-24,29.0,0.5,0.3,20.2,0
Bangalore,12.9716,77.5946,2018-12-31,29.4,3.7,1.8,17.7,0
Bangalore,12.9716,77.5946,2019-01-07,27.8,0.0,0.0,20.4,0
Bangalore,12.9716,77.5946,2019-01-14,29.0,0.0,0.0,18.1,0
Bangalore,12.9716,77.5946,2019-01-21,29.1,0.0,0.0,18.5,0
Bangalore,12.9716,77.5946,2019-01-28,29.4,31.4,27.2,19.3,0
Bangalore,12.9716,77.5946,2019-02-04,29.2,1.0,1.0,21.3,0
Bangalore,12.9716,77.5946,2019-02-11,30.6,6.6,5.8,21.3,0
Bangalore,12.9716,77.5946,2019-02-18,32.0,0.30000000000000004,0.2,22.9,0
Bangalore,12.9716,77.5946,2019-02-25,33.3,0.0,0.0,27.2,0
Bangalore,12.9716,77.5946,2019-03-04,33.3,0.0,0.0,22.1,0
Bangalore,12.9716,77.5946,2019-03-11,35.0,1.2,0.7,19.6,0
Bangalore,12.9716,77.5946,2019-03-18,33.3,0.0,0.0,22.4,0
Bangalore,12.9716,77.5946,2019-03-25,34.6,0.0,0.0,20.9,0
Bangalore,12.9716,77.5946,2019-04-01,35.6,0.0,0.0,18.4,0
Bangalore,12.9716,77.5946,2019-04-08,35.2,0.0,0.0,20.0,0
Bangalore,12.9716,77.5946,2019-04-15,35.0,0.0,0.0,18.9,0
Bangalore,12.9716,77.5946,2019-04-22,34.2,25.3,14.8,21.8,0
Bangalore,12.9716,77.5946,2019-04-29,35.8,0.0,0.0,20.0,0
Bangalore,12.9716,77.5946,2019-05-06,35.1,0.7,0.6,18.1,0
Bangalore,12.9716,77.5946,2019-05-13,33.7,3.5,1.7,17.1,0
Bangalore,12.9716,77.5946,2019-05-20,33.5,5.0,3.4,16.4,0
Bangalore,12.9716,77.5946,2019-05-27,33.4,7.8999999999999995,3.3,16.6,0
Bangalore,12.9716,77.5946,2019-06-03,33.3,49.5,16.0,20.9,0
Bangalore,12.9716,77.5946,2019-06-10,31.2,43.199999999999996,17.9,25.3,0
Bangalore,12.9716,77.5946,2019-06-17,30.5,10.6,3.9,30.0,0
Bangalore,12.9716,77.5946,2019-06-24,30.8,15.0,5.8,23.4,0
Bangalore,12.9716,77.5946,2019-07-01,30.7,6.6,2.3,31.0,0
Bangalore,12.9716,77.5946,2019-07-08,30.9,8.200000000000001,2.7,33.6,0
Bangalore,12.9716,77.5946,2019-07-15,29.5,25.5,5.8,30.4,0
Bangalore,12.9716,77.5946,2019-07-22,29.4,42.2,11.0,25.8,0
Bangalore,12.9716,77.5946,2019-07-29,28.0,29.3,9.1,26.0,0
Bangalore,12.9716,77.5946,2019-08-05,28.5,11.6,7.8,34.2,0
Bangalore,12.9716,77.5946,2019-08-12,27.8,39.1,10.4,36.7,0
Bangalore,12.9716,77.5946,2019-08-19,28.1,69.7,14.0,22.5,0
Bangalore,12.9716,77.5946,2019-08-26,27.5,35.9,11.4,23.5,0
Bangalore,12.9716,77.5946,2019-09-02,28.3,34.2,10.9,26.6,0
Bangalore,12.9716,77.5946,2019-09-09,27.7,22.5,6.0,31.4,0
Bangalore,12.9716,77.5946,2019-09-16,28.1,25.5,9.7,20.8,0
Bangalore,12.9716,77.5946,2019-09-23,28.8,79.3,32.9,16.8,0
Bangalore,12.9716,77.5946,2019-09-30,28.0,44.1,17.7,22.0,0
Bangalore,12.9716,77.5946,2019-10-07,28.6,75.4,26.2,10.5,0
Bangalore,12.9716,77.5946,2019-10-14,28.8,32.2,8.9,16.4,0
Bangalore,12.9716,77.5946,2019-10-21,27.1,34.2,8.1,18.2,0
Bangalore,12.9716,77.5946,2019-10-28,27.1,37.3,11.2,24.2,0
Bangalore,12.9716,77.5946,2019-11-04,27.8,43.0,23.9,24.8,0
Bangalore,12.9716,77.5946,2019-11-11,28.0,15.3,7.0,14.6,0
Bangalore,12.9716,77.5946,2019-11-18,28.0,8.5,4.1,21.9,0
Bangalore,12.9716,77.5946,2019-11-25,28.1,4.1,2.6,21.6,0
Bangalore,12.9716,77.5946,2019-12-02,27.7,29.599999999999998,23.0,26.2,0
Bangalore,12.9716,77.5946,2019-12-09,26.5,3.5,1.4,24.5,0
Bangalore,12.9716,77.5946,2019-12-16,27.0,7.3,7.0,20.2,0
Bangalore,12.9716,77.5946,2019-12-23,27.6,0.0,0.0,22.9,0
Bangalore,12.9716,77.5946,2019-12-30,29.0,0.8,0.4,18.6,0
Bangalore,12.9716,77.5946,2020-01-06,28.3,4.0,1.9,19.0,0
Bangalore,12.9716,77.5946,2020-01-13,29.1,0.0,0.0,19.7,0
Bangalore,12.9716,77.5946,2020-01-20,29.8,0.30000000000000004,0.2,21.3,0
Bangalore,12.9716,77.5946,2020-01-27,31.0,0.0,0.0,21.3,0
Bangalore,12.9716,77.5946,2020-02-03,31.1,0.0,0.0,20.5,0
Bangalore,12.9716,77.5946,2020-02-10,29.7,0.7,0.7,23.8,0
Bangalore,12.9716,77.5946,2020-02-17,31.5,0.0,0.0,21.3,0
Bangalore,12.9716,77.5946,2020-02-24,31.1,0.0,0.0,21.6,0
Bangalore,12.9716,77.5946,2020-03-02,31.9,0.0,0.0,22.9,0
Bangalore,12.9716,77.5946,2020-03-09,30.7,10.200000000000001,2.7,17.2,0
Bangalore,12.9716,77.5946,2020-03-16,33.3,0.5,0.5,19.6,0
Bangalore,12.9716,77.5946,2020-03-23,34.4,1.3,0.7,20.5,0
Bangalore,12.9716,77.5946,2020-03-30,34.6,0.0,0.0,19.9,0
Bangalore,12.9716,77.5946,2020-04-06,35.2,0.4,0.3,19.1,0
Bangalore,12.9716,77.5946,2020-04-13,34.6,9.8,6.1,19.5,0
Bangalore,12.9716,77.5946,2020-04-20,35.1,0.0,0.0,19.8,0
Bangalore,12.9716,77.5946,2020-04-27,35.0,9.0,6.3,18.7,0
Bangalore,12.9716,77.5946,2020-05-04,33.7,8.9,8.1,15.3,0
Bangalore,12.9716,77.5946,2020-05-11,35.2,0.4,0.2,15.5,0
Bangalore,12.9716,77.5946,2020-05-18,35.2,11.3,5.7,25.5,0
Bangalore,12.9716,77.5946,2020-05-25,36.2,0.3,0.3,24.6,0
Bangalore,12.9716,77.5946,2020-06-01,33.2,27.400000000000002,11.0,16.2,0
Bangalore,12.9716,77.5946,2020-06-08,29.4,37.7,14.5,25.5,0
Bangalore,12.9716,77.5946,2020-06-15,30.0,18.9,7.3,28.9,0
Bangalore,12.9716,77.5946,2020-06-22,30.4,20.0,8.4,28.9,0
Bangalore,12.9716,77.5946,2020-06-29,29.7,88.4,27.7,15.5,0
Bangalore,12.9716,77.5946,2020-07-06,27.8,74.2,42.8,26.6,0
Bangalore,12.9716,77.5946,2020-07-13,27.4,52.3,13.4,22.6,0
Bangalore,12.9716,77.5946,2020-07-20,27.7,65.3,12.6,23.8,0
Bangalore,12.9716,77.5946,2020-07-27,29.2,129.4,64.9,19.1,1
Bangalore,12.9716,77.5946,2020-08-03,27.9,56.0,20.7,28.8,0
Bangalore,12.9716,77.5946,2020-08-10,26.5,38.4,13.6,42.6,0
Bangalore,12.9716,77.5946,2020-08-17,27.5,13.4,7.2,27.1,0
Bangalore,12.9716,77.5946,2020-08-24,27.5,22.4,7.9,22.7,0
Bangalore,12.9716,77.5946,2020-08-31,29.6,10.2,5.1,15.7,0
Bangalore,12.9716,77.5946,2020-09-07,28.3,69.0,19.9,21.9,0
Bangalore,12.9716,77.5946,2020-09-14,28.0,97.2,22.1,24.7,0
Bangalore,12.9716,77.5946,2020-09-21,27.1,84.8,21.9,32.1,0
Bangalore,12.9716,77.5946,2020-09-28,27.4,17.5,8.8,34.6,0
Bangalore,12.9716,77.5946,2020-10-05,27.0,29.0,10.7,21.1,0
Bangalore,12.9716,77.5946,2020-10-12,28.2,37.9,17.1,19.6,0
Bangalore,12.9716,77.5946,2020-10-19,27.1,14.9,11.4,31.1,0
Bangalore,12.9716,77.5946,2020-10-26,27.8,64.2,19.5,15.3,0
Bangalore,12.9716,77.5946,2020-11-02,27.9,2.5,1.6,17.4,0
Bangalore,12.9716,77.5946,2020-11-09,27.8,6.8999999999999995,4.8,22.4,0
Bangalore,12.9716,77.5946,2020-11-16,27.7,52.4,39.5,23.7,0
Bangalore,12.9716,77.5946,2020-11-23,26.9,1.8,1.0,27.4,0
Bangalore,12.9716,77.5946,2020-11-30,26.7,27.8,24.2,28.5,0
Bangalore,12.9716,77.5946,2020-12-07,25.8,36.3,17.0,27.0,0
Bangalore,12.9716,77.5946,2020-12-14,25.4,12.2,9.2,23.1,0
Bangalore,12.9716,77.5946,2020-12-21,25.6,1.6,1.1,21.3,0
Bangalore,12.9716,77.5946,2020-12-28,27.2,0.0,0.0,15.6,0
Bangalore,12.9716,77.5946,2021-01-04,27.5,3.9,2.0,23.0,0
Bangalore,12.9716,77.5946,2021-01-11,25.9,24.900000000000002,12.1,19.2,0
Bangalore,12.9716,77.5946,2021-01-18,27.1,0.7,0.6,22.2,0
Bangalore,12.9716,77.5946,2021-01-25,28.1,0.0,0.0,16.7,0
Bangalore,12.9716,77.5946,2021-02-01,28.6,0.0,0.0,18.7,0
Bangalore,12.9716,77.5946,2021-02-08,28.4,0.0,0.0,21.1,0
Bangalore,12.9716,77.5946,2021-02-15,30.2,0.0,0.0,16.2,0
Bangalore,12.9716,77.5946,2021-02-22,29.6,17.2,10.3,20.3,0
Bangalore,12.9716,77.5946,2021-03-01,32.2,0.0,0.0,17.7,0
Bangalore,12.9716,77.5946,2021-03-08,33.0,0.0,0.0,23.9,0
Bangalore,12.9716,77.5946,2021-03-15,31.9,0.0,0.0,21.6,0
Bangalore,12.9716,77.5946,2021-03-22,33.7,0.0,0.0,18.4,0
Bangalore,12.9716,77.5946,2021-03-29,34.8,0.0,0.0,23.4,0
Bangalore,12.9716,77.5946,2021-04-05,35.5,0.0,0.0,21.5,0
Bangalore,12.9716,77.5946,2021-04-12,34.9,0.0,0.0,22.7,0
Bangalore,12.9716,77.5946,2021-04-19,33.4,28.300000000000004,22.6,16.9,0
Bangalore,12.9716,77.5946,2021-04-26,32.7,47.7,17.6,16.1,0
Bangalore,12.9716,77.5946,2021-05-03,33.0,1.3,0.8,18.9,0
Bangalore,12.9716,77.5946,2021-05-10,33.8,9.9,4.9,20.1,0
Bangalore,12.9716,77.5946,2021-05-17,31.6,45.4,14.2,22.8,0
Bangalore,12.9716,77.5946,2021-05-24,30.7,43.0,22.0,20.5,0
Bangalore,12.9716,77.5946,2021-05-31,31.6,9.9,8.6,24.2,0
Bangalore,12.9716,77.5946,2021-06-07,31.5,70.8,20.1,17.3,0
Bangalore,12.9716,77.5946,2021-06-14,29.5,12.3,4.7,32.1,0
Bangalore,12.9716,77.5946,2021-06-21,28.6,8.5,3.2,32.7,0
Bangalore,12.9716,77.5946,2021-06-28,30.2,20.799999999999997,17.2,23.2,0
Bangalore,12.9716,77.5946,2021-07-05,30.6,32.9,10.9,17.2,0
Bangalore,12.9716,77.5946,2021-07-12,28.7,34.1,10.9,30.6,0
Bangalore,12.9716,77.5946,2021-07-19,26.8,81.60000000000001,22.3,30.9,0
Bangalore,12.9716,77.5946,2021-07-26,27.6,29.4,11.2,33.8,0
Bangalore,12.9716,77.5946,2021-08-02,28.2,5.7,1.2,28.2,0
Bangalore,12.9716,77.5946,2021-08-09,28.3,21.400000000000002,5.9,27.3,0
Bangalore,12.9716,77.5946,2021-08-16,28.0,31.5,8.8,22.6,0
Bangalore,12.9716,77.5946,2021-08-23,28.2,39.0,20.7,23.0,0
Bangalore,12.9716,77.5946,2021-08-30,27.9,92.2,32.8,23.1,0
Bangalore,12.9716,77.5946,2021-09-06,27.9,61.3,16.3,23.3,0
Bangalore,12.9716,77.5946,2021-09-13,27.5,12.9,4.8,30.0,0
Bangalore,12.9716,77.5946,2021-09-20,28.9,8.8,4.1,23.3,0
Bangalore,12.9716,77.5946,2021-09-27,28.5,27.4,7.5,24.3,0
Bangalore,12.9716,77.5946,2021-10-04,28.4,35.1,12.4,24.4,0
Bangalore,12.9716,77.5946,2021-10-11,28.2,111.1,55.6,15.5,1
Bangalore,12.9716,77.5946,2021-10-18,27.6,96.0,30.1,17.6,0
Bangalore,12.9716,77.5946,2021-10-25,28.1,46.1,13.1,14.8,0
Bangalore,12.9716,77.5946,2021-11-01,27.4,19.7,7.1,22.3,0
Bangalore,12.9716,77.5946,2021-11-08,26.6,27.2,11.0,23.9,0
Bangalore,12.9716,77.5946,2021-11-15,26.2,76.6,20.4,23.2,0
Bangalore,12.9716,77.5946,2021-11-22,26.6,173.9,69.6,20.1,1
Bangalore,12.9716,77.5946,2021-11-29,27.0,12.3,5.1,26.0,0
Bangalore,12.9716,77.5946,2021-12-06,26.6,14.2,4.2,22.2,0
Bangalore,12.9716,77.5946,2021-12-13,26.8,4.5,2.3,22.5,0
Bangalore,12.9716,77.5946,2021-12-20,25.8,0.8,0.8,19.6,0
Bangalore,12.9716,77.5946,2021-12-27,27.7,0.0,0.0,13.5,0
Bangalore,12.9716,77.5946,2022-01-03,27.0,5.3,2.4,25.0,0
Bangalore,12.9716,77.5946,2022-01-10,27.0,0.30000000000000004,0.2,17.3,0
Bangalore,12.9716,77.5946,2022-01-17,28.2,1.0,0.5,19.5,0
Bangalore,12.9716,77.5946,2022-01-24,30.1,0.0,0.0,18.0,0
Bangalore,12.9716,77.5946,2022-01-31,29.6,2.5,2.3,24.0,0
Bangalore,12.9716,77.5946,2022-02-07,29.9,0.0,0.0,15.9,0
Bangalore,12.9716,77.5946,2022-02-14,29.1,0.0,0.0,20.7,0
Bangalore,12.9716,77.5946,2022-02-21,31.5,0.0,0.0,21.8,0
Bangalore,12.9716,77.5946,2022-02-28,31.4,0.0,0.0,19.8,0
Bangalore,12.9716,77.5946,2022-03-07,31.2,3.4,3.4,23.2,0
Bangalore,12.9716,77.5946,2022-03-14,32.8,0.1,0.1,19.6,0
Bangalore,12.9716,77.5946,2022-03-21,34.2,0.2,0.2,20.4,0
Bangalore,12.9716,77.5946,2022-03-28,34.3,0.4,0.4,21.1,0
Bangalore,12.9716,77.5946,2022-04-04,34.0,0.30000000000000004,0.2,19.2,0
Bangalore,12.9716,77.5946,2022-04-11,35.3,0.1,0.1,26.6,0
Bangalore,12.9716,77.5946,2022-04-18,33.8,35.5,12.8,21.9,0
Bangalore,12.9716,77.5946,2022-04-25,34.7,0.0,0.0,19.5,0
Bangalore,12.9716,77.5946,2022-05-02,37.1,0.0,0.0,18.0,0
Bangalore,12.9716,77.5946,2022-05-09,34.0,14.4,10.7,21.6,0
Bangalore,12.9716,77.5946,2022-05-16,29.1,101.0,25.1,27.7,0
Bangalore,12.9716,77.5946,2022-05-23,29.5,38.6,18.0,27.8,0
Bangalore,12.9716,77.5946,2022-05-30,29.9,11.100000000000001,6.2,22.0,0
Bangalore,12.9716,77.5946,2022-06-06,31.4,48.0,15.1,24.0,0
Bangalore,12.9716,77.5946,2022-06-13,29.5,16.900000000000002,11.0,21.2,0
Bangalore,12.9716,77.5946,2022-06-20,29.2,59.0,24.1,16.6,0
Bangalore,12.9716,77.5946,2022-06-27,27.9,21.799999999999997,10.2,27.5,0
Bangalore,12.9716,77.5946,2022-07-04,28.2,33.6,13.3,29.2,0
Bangalore,12.9716,77.5946,2022-07-11,26.1,51.0,15.2,31.1,0
Bangalore,12.9716,77.5946,2022-07-18,27.7,28.4,7.2,34.8,0
Bangalore,12.9716,77.5946,2022-07-25,28.6,46.900000000000006,18.6,22.5,0
Bangalore,12.9716,77.5946,2022-08-01,29.0,80.2,39.6,16.8,0
Bangalore,12.9716,77.5946,2022-08-08,27.6,98.6,25.0,32.4,0
Bangalore,12.9716,77.5946,2022-08-15,27.6,6.6,2.5,36.6,0
Bangalore,12.9716,77.5946,2022-08-22,28.3,10.0,4.4,23.5,0
Bangalore,12.9716,77.5946,2022-08-29,27.5,78.9,20.2,20.6,0
Bangalore,12.9716,77.5946,2022-09-05,28.7,47.6,12.5,20.1,0
Bangalore,12.9716,77.5946,2022-09-12,27.5,43.4,12.7,31.1,0
Bangalore,12.9716,77.5946,2022-09-19,27.5,4.5,1.2,22.4,0
Bangalore,12.9716,77.5946,2022-09-26,28.0,6.6,3.0,21.0,0
Bangalore,12.9716,77.5946,2022-10-03,27.9,17.2,8.1,20.4,0
Bangalore,12.9716,77.5946,2022-10-10,27.2,33.7,15.9,19.0,0
Bangalore,12.9716,77.5946,2022-10-17,27.4,87.8,23.6,16.2,0
Bangalore,12.9716,77.5946,2022-10-24,27.1,22.8,10.7,18.9,0
Bangalore,12.9716,77.5946,2022-10-31,27.1,2.8,1.5,19.0,0
Bangalore,12.9716,77.5946,2022-11-07,26.9,26.400000000000002,14.0,20.0,0
Bangalore,12.9716,77.5946,2022-11-14,27.1,27.3,20.5,26.8,0
Bangalore,12.9716,77.5946,2022-11-21,26.8,1.6,1.5,16.8,0
Bangalore,12.9716,77.5946,2022-11-28,27.3,15.900000000000002,8.3,16.4,0
Bangalore,12.9716,77.5946,2022-12-05,27.7,1.0999999999999999,0.7,20.8,0
Bangalore,12.9716,77.5946,2022-12-12,27.1,44.6,32.5,25.8,0
Bangalore,12.9716,77.5946,2022-12-19,26.1,7.2,7.0,21.3,0
Bangalore,12.9716,77.5946,2022-12-26,26.7,2.3,1.5,21.2,0
Bangalore,12.9716,77.5946,2023-01-02,27.5,1.4,1.4,19.7,0
Bangalore,12.9716,77.5946,2023-01-09,26.8,0.1,0.1,22.9,0
Bangalore,12.9716,77.5946,2023-01-16,29.0,0.0,0.0,17.1,0
Bangalore,12.9716,77.5946,2023-01-23,28.5,0.0,0.0,17.9,0
Bangalore,12.9716,77.5946,2023-01-30,28.2,2.3,2.3,22.8,0
Bangalore,12.9716,77.5946,2023-02-06,30.0,0.0,0.0,26.0,0
Bangalore,12.9716,77.5946,2023-02-13,31.0,0.0,0.0,21.1,0
Bangalore,12.9716,77.5946,2023-02-20,30.6,0.0,0.0,19.5,0
Bangalore,12.9716,77.5946,2023-02-27,31.6,0.0,0.0,21.3,0
Bangalore,12.9716,77.5946,2023-03-06,31.3,0.0,0.0,26.8,0
Bangalore,12.9716,77.5946,2023-03-13,31.8,0.0,0.0,23.4,0
Bangalore,12.9716,77.5946,2023-03-20,32.7,24.2,12.4,21.6,0
Bangalore,12.9716,77.5946,2023-03-27,35.5,1.7000000000000002,1.3,18.4,0
Bangalore,12.9716,77.5946,2023-04-03,34.7,8.0,5.7,18.7,0
Bangalore,12.9716,77.5946,2023-04-10,32.9,0.8,0.6,21.1,0
Bangalore,12.9716,77.5946,2023-04-17,35.2,0.0,0.0,21.7,0
Bangalore,12.9716,77.5946,2023-04-24,35.5,0.1,0.1,17.6,0
Bangalore,12.9716,77.5946,2023-05-01,33.7,29.400000000000002,17.8,18.2,0
Bangalore,12.9716,77.5946,2023-05-08,29.8,42.0,19.8,18.4,0
Bangalore,12.9716,77.5946,2023-05-15,33.0,18.6,9.6,19.2,0
Bangalore,12.9716,77.5946,2023-05-22,34.2,9.1,7.3,19.3,0
Bangalore,12.9716,77.5946,2023-05-29,32.6,11.299999999999999,6.6,18.2,0
Bangalore,12.9716,77.5946,2023-06-05,31.5,60.5,36.6,18.4,0
Bangalore,12.9716,77.5946,2023-06-12,31.6,19.7,13.0,25.9,0
Bangalore,12.9716,77.5946,2023-06-19,32.0,6.5,2.4,22.2,0
Bangalore,12.9716,77.5946,2023-06-26,29.4,41.0,18.5,23.4,0
Bangalore,12.9716,77.5946,2023-07-03,29.8,29.2,9.1,27.0,0
Bangalore,12.9716,77.5946,2023-07-10,27.9,58.1,15.3,31.5,0
Bangalore,12.9716,77.5946,2023-07-17,28.0,15.4,6.2,23.6,0
Bangalore,12.9716,77.5946,2023-07-24,27.9,36.6,12.7,39.3,0
Bangalore,12.9716,77.5946,2023-07-31,28.7,39.6,19.3,29.3,0
Bangalore,12.9716,77.5946,2023-08-07,29.0,4.9,1.2,29.5,0
Bangalore,12.9716,77.5946,2023-08-14,29.7,3.6,1.1,18.2,0
Bangalore,12.9716,77.5946,2023-08-21,30.8,10.3,7.3,25.2,0
Bangalore,12.9716,77.5946,2023-08-28,31.4,4.699999999999999,3.8,16.2,0
Bangalore,12.9716,77.5946,2023-09-04,31.4,44.2,12.5,26.6,0
Bangalore,12.9716,77.5946,2023-09-11,29.0,14.3,4.7,23.9,0
Bangalore,12.9716,77.5946,2023-09-18,28.9,28.8,7.5,25.8,0
Bangalore,12.9716,77.5946,2023-09-25,29.0,22.8,7.5,19.6,0
Bangalore,12.9716,77.5946,2023-10-02,28.4,32.5,11.5,26.6,0
Bangalore,12.9716,77.5946,2023-10-09,29.7,38.7,19.3,13.6,0
Bangalore,12.9716,77.5946,2023-10-16,30.7,3.6,1.9,19.1,0
Bangalore,12.9716,77.5946,2023-10-23,31.6,0.3,0.3,20.0,0
Bangalore,12.9716,77.5946,2023-10-30,30.9,10.2,6.1,18.5,0
Bangalore,12.9716,77.5946,2023-11-06,30.0,59.300000000000004,26.6,19.0,0
Bangalore,12.9716,77.5946,2023-11-13,28.0,29.7,13.2,21.4,0
Bangalore,12.9716,77.5946,2023-11-20,29.7,1.8,1.0,19.4,0
Bangalore,12.9716,77.5946,2023-11-27,28.4,18.3,5.4,23.8,0
Bangalore,12.9716,77.5946,2023-12-04,28.2,8.3,2.9,27.0,0
Bangalore,12.9716,77.5946,2023-12-11,28.9,4.1,1.9,18.4,0
Bangalore,12.9716,77.5946,2023-12-18,28.6,0.8999999999999999,0.7,21.6,0
Bangalore,12.9716,77.5946,2023-12-25,28.9,0.0,0.0,20.5,0
Bangalore,12.9716,77.5946,2024-01-01,28.1,0.0,0.0,20.2,0
Chennai,13.0827,80.2707,2014-01-06,27.8,0.0,0.0,24.4,0
Chennai,13.0827,80.2707,2014-01-13,28.2,0.0,0.0,21.0,0
Chennai,13.0827,80.2707,2014-01-20,28.7,1.5,1.5,21.7,0
Chennai,13.0827,80.2707,2014-01-27,28.8,0.0,0.0,23.4,0
Chennai,13.0827,80.2707,2014-02-03,29.0,1.3,1.3,22.7,0
Chennai,13.0827,80.2707,2014-02-10,30.7,0.0,0.0,17.8,0
Chennai,13.0827,80.2707,2014-02-17,30.4,2.7,2.6,18.4,0
Chennai,13.0827,80.2707,2014-02-24,29.5,3.1,1.7,20.3,0
Chennai,13.0827,80.2707,2014-03-03,30.7,0.0,0.0,20.0,0
Chennai,13.0827,80.2707,2014-03-10,30.6,0.7,0.7,19.4,0
Chennai,13.0827,80.2707,2014-03-17,32.7,0.0,0.0,17.0,0
Chennai,13.0827,80.2707,2014-03-24,35.3,0.0,0.0,20.1,0
Chennai,13.0827,80.2707,2014-03-31,36.7,0.0,0.0,20.2,0
Chennai,13.0827,80.2707,2014-04-07,36.7,0.0,0.0,20.9,0
Chennai,13.0827,80.2707,2014-04-14,37.3,0.2,0.2,23.2,0
Chennai,13.0827,80.2707,2014-04-21,36.1,0.0,0.0,22.2,0
Chennai,13.0827,80.2707,2014-04-28,36.9,0.0,0.0,21.9,0
Chennai,13.0827,80.2707,2014-05-05,35.7,14.0,12.0,23.4,0
Chennai,13.0827,80.2707,2014-05-12,36.6,46.2,16.5,25.6,0
Chennai,13.0827,80.2707,2014-05-19,38.4,0.7,0.4,21.3,0
Chennai,13.0827,80.2707,2014-05-26,40.3,1.0,0.3,23.2,0
Chennai,13.0827,80.2707,2014-06-02,38.9,3.8,3.4,23.0,0
Chennai,13.0827,80.2707,2014-06-09,39.1,19.8,8.5,25.3,0
Chennai,13.0827,80.2707,2014-06-16,38.8,2.1,1.5,22.6,0
Chennai,13.0827,80.2707,2014-06-23,39.7,2.7,2.2,23.8,0
Chennai,13.0827,80.2707,2014-06-30,39.3,9.0,3.6,25.2,0
Chennai,13.0827,80.2707,2014-07-07,37.1,22.200000000000003,8.3,22.1,0
Chennai,13.0827,80.2707,2014-07-14,34.1,16.900000000000002,7.7,26.4,0
Chennai,13.0827,80.2707,2014-07-21,36.7,1.2000000000000002,0.9,27.8,0
Chennai,13.0827,80.2707,2014-07-28,37.2,6.7,1.8,26.3,0
Chennai,13.0827,80.2707,2014-08-04,37.7,3.9,1.5,24.2,0
Chennai,13.0827,80.2707,2014-08-11,36.1,40.5,13.4,21.6,0
Chennai,13.0827,80.2707,2014-08-18,33.7,37.7,16.7,22.2,0
Chennai,13.0827,80.2707,2014-08-25,32.6,36.400000000000006,15.9,20.2,0
Chennai,13.0827,80.2707,2014-09-01,35.0,5.0,2.0,26.4,0
Chennai,13.0827,80.2707,2014-09-08,33.9,21.9,6.8,21.6,0
Chennai,13.0827,80.2707,2014-09-15,34.6,24.3,13.9,21.5,0
Chennai,13.0827,80.2707,2014-09-22,33.7,40.5,11.4,20.0,0
Chennai,13.0827,80.2707,2014-09-29,32.4,8.9,3.4,16.1,0
Chennai,13.0827,80.2707,2014-10-06,34.4,8.6,7.3,16.5,0
Chennai,13.0827,80.2707,2014-10-13,36.1,4.9,2.7,23.1,0
Chennai,13.0827,80.2707,2014-10-20,34.1,89.8,23.5,21.4,0
Chennai,13.0827,80.2707,2014-10-27,29.8,66.5,14.9,18.4,0
Chennai,13.0827,80.2707,2014-11-03,29.8,96.9,36.6,25.7,0
Chennai,13.0827,80.2707,2014-11-10,31.3,2.2,1.6,19.5,0
Chennai,13.0827,80.2707,2014-11-17,29.8,82.6,37.9,23.0,0
Chennai,13.0827,80.2707,2014-11-24,29.0,1.5999999999999999,1.4,21.8,0
Chennai,13.0827,80.2707,2014-12-01,28.3,7.3,4.5,28.6,0
Chennai,13.0827,80.2707,2014-12-08,28.7,0.0,0.0,19.9,0
Chennai,13.0827,80.2707,2014-12-15,28.5,40.1,14.2,20.0,0
Chennai,13.0827,80.2707,2014-12-22,28.2,9.1,8.1,28.5,0
Chennai,13.0827,80.2707,2014-12-29,27.9,99.2,83.4,32.1,1
Chennai,13.0827,80.2707,2015-01-05,28.7,53.7,50.1,29.7,1
Chennai,13.0827,80.2707,2015-01-12,28.0,1.6,0.8,19.6,0
Chennai,13.0827,80.2707,2015-01-19,28.1,0.1,0.1,19.0,0
Chennai,13.0827,80.2707,2015-01-26,27.5,3.2,1.1,19.2,0
Chennai,13.0827,80.2707,2015-02-02,28.2,0.0,0.0,20.5,0
Chennai,13.0827,80.2707,2015-02-09,28.7,0.0,0.0,21.4,0
Chennai,13.0827,80.2707,2015-02-16,31.6,1.1,1.1,20.1,0
Chennai,13.0827,80.2707,2015-02-23,30.8,0.0,0.0,18.8,0
Chennai,13.0827,80.2707,2015-03-02,30.9,2.5,1.0,20.9,0
Chennai,13.0827,80.2707,2015-03-09,32.3,2.5,0.7,17.6,0
Chennai,13.0827,80.2707,2015-03-16,32.0,0.3,0.3,18.8,0
Chennai,13.0827,80.2707,2015-03-23,35.2,0.0,0.0,18.1,0
Chennai,13.0827,80.2707,2015-03-30,33.9,0.0,0.0,20.1,0
Chennai,13.0827,80.2707,2015-04-06,36.8,1.1,0.8,22.8,0
Chennai,13.0827,80.2707,2015-04-13,34.8,2.0,1.2,22.1,0
Chennai,13.0827,80.2707,2015-04-20,33.6,23.4,19.9,18.4,0
Chennai,13.0827,80.2707,2015-04-27,35.8,13.700000000000001,5.9,22.2,0
Chennai,13.0827,80.2707,2015-05-04,36.8,1.1,0.7,24.6,0
Chennai,13.0827,80.2707,2015-05-11,36.3,2.5,0.9,21.5,0
Chennai,13.0827,80.2707,2015-05-18,34.9,47.0,15.9,19.2,0
Chennai,13.0827,80.2707,2015-05-25,40.1,0.0,0.0,27.1,0
Chennai,13.0827,80.2707,2015-06-01,39.3,5.8,5.2,26.5,0
Chennai,13.0827,80.2707,2015-06-08,36.0,6.0,2.9,23.9,0
Chennai,13.0827,80.2707,2015-06-15,37.2,12.6,3.7,25.3,0
Chennai,13.0827,80.2707,2015-06-22,36.0,12.9,5.8,27.7,0
Chennai,13.0827,80.2707,2015-06-29,37.2,1.5,0.9,26.3,0
Chennai,13.0827,80.2707,2015-07-06,38.8,6.6,6.6,22.8,0
Chennai,13.0827,80.2707,2015-07-13,38.2,7.4,4.0,22.6,0
Chennai,13.0827,80.2707,2015-07-20,36.6,14.1,8.9,25.2,0
Chennai,13.0827,80.2707,2015-07-27,36.0,17.2,4.5,25.4,0
Chennai,13.0827,80.2707,2015-08-03,35.4,12.5,5.6,22.7,0
Chennai,13.0827,80.2707,2015-08-10,35.4,11.899999999999999,5.6,21.8,0
Chennai,13.0827,80.2707,2015-08-17,35.1,32.5,15.6,20.0,0
Chennai,13.0827,80.2707,2015-08-24,34.0,36.7,20.2,22.1,0
Chennai,13.0827,80.2707,2015-08-31,34.4,8.1,5.3,20.2,0
Chennai,13.0827,80.2707,2015-09-07,34.9,20.8,17.7,22.5,0
Chennai,13.0827,80.2707,2015-09-14,33.7,29.900000000000002,25.2,18.1,0
Chennai,13.0827,80.2707,2015-09-21,34.5,8.8,6.9,22.0,0
Chennai,13.0827,80.2707,2015-09-28,35.1,26.700000000000003,22.8,19.1,0
Chennai,13.0827,80.2707,2015-10-05,33.2,41.2,14.0,17.1,0
Chennai,13.0827,80.2707,2015-10-12,33.2,33.4,12.9,17.8,0
Chennai,13.0827,80.2707,2015-10-19,32.7,1.7000000000000002,0.9,15.5,0
Chennai,13.0827,80.2707,2015-10-26,32.5,2.5,1.3,19.0,0
Chennai,13.0827,80.2707,2015-11-02,30.4,71.8,18.8,18.8,0
Chennai,13.0827,80.2707,2015-11-09,30.6,162.2,80.8,46.5,1
Chennai,13.0827,80.2707,2015-11-16,29.2,222.3,115.7,31.8,1
Chennai,13.0827,80.2707,2015-11-23,28.5,95.3,30.8,17.8,0
Chennai,13.0827,80.2707,2015-11-30,28.9,35.5,17.5,24.5,0
Chennai,13.0827,80.2707,2015-12-07,28.2,168.9,57.9,27.5,1
Chennai,13.0827,80.2707,2015-12-14,29.1,22.9,17.8,26.1,0
Chennai,13.0827,80.2707,2015-12-21,29.0,0.3,0.3,15.3,0
Chennai,13.0827,80.2707,2015-12-28,28.8,2.3,1.6,29.6,0
Chennai,13.0827,80.2707,2016-01-04,28.9,0.0,0.0,23.2,0
Chennai,13.0827,80.2707,2016-01-11,28.1,0.0,0.0,18.8,0
Chennai,13.0827,80.2707,2016-01-18,28.3,0.0,0.0,15.6,0
Chennai,13.0827,80.2707,2016-01-25,29.1,5.4,3.3,20.3,0
Chennai,13.0827,80.2707,2016-02-01,30.1,0.0,0.0,14.4,0
Chennai,13.0827,80.2707,2016-02-08,30.1,0.0,0.0,16.7,0
Chennai,13.0827,80.2707,2016-02-15,31.1,0.0,0.0,16.4,0
Chennai,13.0827,80.2707,2016-02-22,32.6,0.0,0.0,18.8,0
Chennai,13.0827,80.2707,2016-02-29,31.7,0.1,0.1,19.3,0
Chennai,13.0827,80.2707,2016-03-07,31.8,0.0,0.0,17.0,0
Chennai,13.0827,80.2707,2016-03-14,34.2,0.0,0.0,24.5,0
Chennai,13.0827,80.2707,2016-03-21,35.8,0.0,0.0,22.1,0
Chennai,13.0827,80.2707,2016-03-28,36.3,0.0,0.0,20.8,0
Chennai,13.0827,80.2707,2016-04-04,35.3,0.2,0.2,20.4,0
Chennai,13.0827,80.2707,2016-04-11,35.5,2.9,1.0,21.4,0
Chennai,13.0827,80.2707,2016-04-18,37.3,0.0,0.0,25.1,0
Chennai,13.0827,80.2707,2016-04-25,38.6,0.0,0.0,25.6,0
Chennai,13.0827,80.2707,2016-05-02,37.5,0.0,0.0,24.0,0
Chennai,13.0827,80.2707,2016-05-09,36.6,0.4,0.4,22.6,0
Chennai,13.0827,80.2707,2016-05-16,37.4,15.5,14.0,24.2,0
Chennai,13.0827,80.2707,2016-05-23,36.2,273.4,136.4,34.1,1
Chennai,13.0827,80.2707,2016-05-30,36.5,0.7,0.7,26.0,0
Chennai,13.0827,80.2707,2016-06-06,36.1,25.3,19.8,19.7,0
Chennai,13.0827,80.2707,2016-06-13,34.9,42.2,22.5,23.6,0
Chennai,13.0827,80.2707,2016-06-20,35.0,25.200000000000003,11.2,18.7,0
Chennai,13.0827,80.2707,2016-06-27,32.9,31.0,10.9,19.4,0
Chennai,13.0827,80.2707,2016-07-04,33.7,24.6,11.9,22.8,0
Chennai,13.0827,80.2707,2016-07-11,34.6,3.5,1.3,25.3,0
Chennai,13.0827,80.2707,2016-07-18,35.3,27.299999999999997,11.7,21.4,0
Chennai,13.0827,80.2707,2016-07-25,31.4,88.3,37.3,17.9,0
Chennai,13.0827,80.2707,2016-08-01,32.0,37.0,15.7,24.5,0
Chennai,13.0827,80.2707,2016-08-08,34.5,0.6000000000000001,0.4,26.0,0
Chennai,13.0827,80.2707,2016-08-15,35.3,2.7,1.7,21.2,0
Chennai,13.0827,80.2707,2016-08-22,35.6,0.4,0.4,22.2,0
Chennai,13.0827,80.2707,2016-08-29,35.3,23.099999999999998,7.9,23.1,0
Chennai,13.0827,80.2707,2016-09-05,33.6,26.2,7.1,20.1,0
Chennai,13.0827,80.2707,2016-09-12,34.6,8.8,5.9,18.1,0
Chennai,13.0827,80.2707,2016-09-19,33.7,9.3,2.9,24.2,0
Chennai,13.0827,80.2707,2016-09-26,34.6,12.0,4.9,20.8,0
Chennai,13.0827,80.2707,2016-10-03,33.0,41.5,15.8,21.3,0
Chennai,13.0827,80.2707,2016-10-10,34.5,8.3,4.1,18.4,0
Chennai,13.0827,80.2707,2016-10-17,34.0,5.0,4.1,16.1,0
Chennai,13.0827,80.2707,2016-10-24,34.0,0.0,0.0,16.4,0
Chennai,13.0827,80.2707,2016-10-31,34.2,32.1,14.5,16.0,0
Chennai,13.0827,80.2707,2016-11-07,32.8,13.7,5.5,24.4,0
Chennai,13.0827,80.2707,2016-11-14,30.7,13.700000000000001,12.4,19.3,0
Chennai,13.0827,80.2707,2016-11-21,30.7,1.7999999999999998,0.9,27.2,0
Chennai,13.0827,80.2707,2016-11-28,30.7,0.0,0.0,23.3,0
Chennai,13.0827,80.2707,2016-12-05,29.9,47.9,30.4,31.0,0
Chennai,13.0827,80.2707,2016-12-12,29.5,153.60000000000002,146.3,65.2,1
Chennai,13.0827,80.2707,2016-12-19,28.7,10.700000000000001,8.9,36.2,0
Chennai,13.0827,80.2707,2016-12-26,28.8,0.0,0.0,19.8,0
Chennai,13.0827,80.2707,2017-01-02,28.6,2.2,2.1,21.6,0
Chennai,13.0827,80.2707,2017-01-09,28.3,0.3,0.3,16.6,0
Chennai,13.0827,80.2707,2017-01-16,28.9,0.1,0.1,17.3,0
Chennai,13.0827,80.2707,2017-01-23,29.0,1.4,0.6,25.5,0
Chennai,13.0827,80.2707,2017-01-30,28.8,10.600000000000001,4.9,22.0,0
Chennai,13.0827,80.2707,2017-02-06,29.5,0.2,0.2,15.6,0
Chennai,13.0827,80.2707,2017-02-13,29.6,0.2,0.2,20.9,0
Chennai,13.0827,80.2707,2017-02-20,31.0,0.0,0.0,21.3,0
Chennai,13.0827,80.2707,2017-02-27,31.3,0.0,0.0,20.3,0
Chennai,13.0827,80.2707,2017-03-06,31.2,2.7,1.3,23.2,0
Chennai,13.0827,80.2707,2017-03-13,31.9,15.2,7.0,25.5,0
Chennai,13.0827,80.2707,2017-03-20,32.8,4.0,2.1,25.8,0
Chennai,13.0827,80.2707,2017-03-27,32.8,0.0,0.0,22.9,0
Chennai,13.0827,80.2707,2017-04-03,33.8,0.0,0.0,26.2,0
Chennai,13.0827,80.2707,2017-04-10,34.7,1.3,0.7,26.3,0
Chennai,13.0827,80.2707,2017-04-17,36.4,0.0,0.0,25.8,0
Chennai,13.0827,80.2707,2017-04-24,35.1,0.0,0.0,30.6,0
Chennai,13.0827,80.2707,2017-05-01,34.7,0.9,0.9,26.4,0
Chennai,13.0827,80.2707,2017-05-08,34.5,1.5,0.7,27.9,0
Chennai,13.0827,80.2707,2017-05-15,36.8,3.8,1.4,26.6,0
Chennai,13.0827,80.2707,2017-05-22,41.2,0.1,0.1,26.9,0
Chennai,13.0827,80.2707,2017-05-29,39.5,1.5,0.9,22.6,0
Chennai,13.0827,80.2707,2017-06-05,40.2,1.1,0.6,25.0,0
Chennai,13.0827,80.2707,2017-06-12,37.0,12.1,10.5,26.2,0
Chennai,13.0827,80.2707,2017-06-19,36.3,10.2,6.0,25.8,0
Chennai,13.0827,80.2707,2017-06-26,35.0,13.7,6.1,21.0,0
Chennai,13.0827,80.2707,2017-07-03,36.5,4.8,2.1,27.0,0
Chennai,13.0827,80.2707,2017-07-10,37.1,6.699999999999999,5.5,19.2,0
Chennai,13.0827,80.2707,2017-07-17,35.2,12.8,11.3,22.3,0
Chennai,13.0827,80.2707,2017-07-24,36.5,1.7,0.7,24.6,0
Chennai,13.0827,80.2707,2017-07-31,36.2,41.1,12.8,21.1,0
Chennai,13.0827,80.2707,2017-08-07,35.5,26.4,11.2,21.3,0
Chennai,13.0827,80.2707,2017-08-14,33.5,85.8,21.9,18.7,0
Chennai,13.0827,80.2707,2017-08-21,33.0,59.9,25.6,18.0,0
Chennai,13.0827,80.2707,2017-08-28,33.2,66.1,17.4,19.3,0
Chennai,13.0827,80.2707,2017-09-04,33.8,41.1,15.4,22.1,0
Chennai,13.0827,80.2707,2017-09-11,32.7,44.0,11.8,19.4,0
Chennai,13.0827,80.2707,2017-09-18,31.6,37.7,14.8,20.0,0
Chennai,13.0827,80.2707,2017-09-25,33.0,68.9,31.3,23.4,0
Chennai,13.0827,80.2707,2017-10-02,31.7,86.8,16.6,18.0,0
Chennai,13.0827,80.2707,2017-10-09,31.8,67.4,18.1,18.7,0
Chennai,13.0827,80.2707,2017-10-16,30.6,56.0,17.2,13.0,0
Chennai,13.0827,80.2707,2017-10-23,32.2,12.200000000000001,6.5,15.1,0
Chennai,13.0827,80.2707,2017-10-30,30.7,74.1,43.9,26.0,0
Chennai,13.0827,80.2707,2017-11-06,27.6,260.4,77.3,25.2,1
Chennai,13.0827,80.2707,2017-11-13,29.6,70.3,28.7,28.8,0
Chennai,13.0827,80.2707,2017-11-20,31.1,25.5,12.2,22.2,0
Chennai,13.0827,80.2707,2017-11-27,29.4,18.8,9.7,23.1,0
Chennai,13.0827,80.2707,2017-12-04,28.5,70.7,39.2,25.4,0
Chennai,13.0827,80.2707,2017-12-11,30.1,0.4,0.4,17.5,0
Chennai,13.0827,80.2707,2017-12-18,28.3,3.1999999999999997,1.4,23.0,0
Chennai,13.0827,80.2707,2017-12-25,28.0,8.2,4.5,23.8,0
Chennai,13.0827,80.2707,2018-01-01,29.4,1.0999999999999999,0.7,22.7,0
Chennai,13.0827,80.2707,2018-01-08,28.4,1.5,1.5,20.5,0
Chennai,13.0827,80.2707,2018-01-15,28.0,24.7,22.8,24.9,0
Chennai,13.0827,80.2707,2018-01-22,27.7,0.4,0.4,18.2,0
Chennai,13.0827,80.2707,2018-01-29,28.4,0.0,0.0,18.0,0
Chennai,13.0827,80.2707,2018-02-05,28.7,0.0,0.0,17.8,0
Chennai,13.0827,80.2707,2018-02-12,29.6,0.4,0.4,19.1,0
Chennai,13.0827,80.2707,2018-02-19,29.5,0.4,0.2,18.9,0
Chennai,13.0827,80.2707,2018-02-26,30.8,0.0,0.0,17.8,0
Chennai,13.0827,80.2707,2018-03-05,31.3,0.0,0.0,17.6,0
Chennai,13.0827,80.2707,2018-03-12,31.1,0.1,0.1,15.3,0
Chennai,13.0827,80.2707,2018-03-19,31.4,8.1,5.0,22.5,0
Chennai,13.0827,80.2707,2018-03-26,33.2,0.0,0.0,23.7,0
Chennai,13.0827,80.2707,2018-04-02,33.5,4.6,1.5,27.1,0
Chennai,13.0827,80.2707,2018-04-09,31.9,1.3,0.9,21.7,0
Chennai,13.0827,80.2707,2018-04-16,32.8,5.9,1.8,20.6,0
Chennai,13.0827,80.2707,2018-04-23,34.8,0.4,0.2,28.7,0
Chennai,13.0827,80.2707,2018-04-30,34.8,0.6,0.3,29.2,0
Chennai,13.0827,80.2707,2018-05-07,35.6,3.1,1.0,29.0,0
Chennai,13.0827,80.2707,2018-05-14,34.5,0.8999999999999999,0.6,25.8,0
Chennai,13.0827,80.2707,2018-05-21,35.3,1.1,0.9,24.3,0
Chennai,13.0827,80.2707,2018-05-28,33.7,4.2,2.0,23.0,0
Chennai,13.0827,80.2707,2018-06-04,37.6,5.699999999999999,4.1,24.5,0
Chennai,13.0827,80.2707,2018-06-11,37.7,9.8,3.8,34.1,0
Chennai,13.0827,80.2707,2018-06-18,38.6,6.5,1.9,24.4,0
Chennai,13.0827,80.2707,2018-06-25,36.5,24.400000000000002,16.1,30.5,0
Chennai,13.0827,80.2707,2018-07-02,37.7,53.199999999999996,37.3,26.3,0
Chennai,13.0827,80.2707,2018-07-09,35.2,7.3,3.6,21.3,0
Chennai,13.0827,80.2707,2018-07-16,37.0,5.0,3.5,28.2,0
Chennai,13.0827,80.2707,2018-07-23,37.7,0.7,0.4,26.2,0
Chennai,13.0827,80.2707,2018-07-30,36.0,17.8,7.5,23.8,0
Chennai,13.0827,80.2707,2018-08-06,36.7,7.4,2.0,25.2,0
Chennai,13.0827,80.2707,2018-08-13,35.6,25.6,14.2,26.5,0
Chennai,13.0827,80.2707,2018-08-20,35.2,42.4,20.2,26.6,0
Chennai,13.0827,80.2707,2018-08-27,35.5,24.6,11.9,19.5,0
Chennai,13.0827,80.2707,2018-09-03,33.9,17.7,8.2,20.4,0
Chennai,13.0827,80.2707,2018-09-10,35.2,10.2,3.6,21.3,0
Chennai,13.0827,80.2707,2018-09-17,34.5,44.7,19.6,21.9,0
Chennai,13.0827,80.2707,2018-09-24,32.8,35.5,16.2,17.1,0
Chennai,13.0827,80.2707,2018-10-01,31.2,7.2,1.6,15.6,0
Chennai,13.0827,80.2707,2018-10-08,31.2,54.6,19.6,20.6,0
Chennai,13.0827,80.2707,2018-10-15,33.8,2.4000000000000004,1.6,21.1,0
Chennai,13.0827,80.2707,2018-10-22,30.4,56.1,16.6,18.0,0
Chennai,13.0827,80.2707,2018-10-29,31.1,0.4,0.4,30.4,0
Chennai,13.0827,80.2707,2018-11-05,30.0,71.8,25.6,22.3,0
Chennai,13.0827,80.2707,2018-11-12,30.0,2.1999999999999997,1.9,19.8,0
Chennai,13.0827,80.2707,2018-11-19,31.3,21.8,13.4,25.4,0
Chennai,13.0827,80.2707,2018-11-26,28.9,187.6,76.7,26.6,1
Chennai,13.0827,80.2707,2018-12-03,28.5,7.800000000000001,3.4,21.9,0
Chennai,13.0827,80.2707,2018-12-10,28.8,15.2,6.9,17.2,0
Chennai,13.0827,80.2707,2018-12-17,29.0,15.3,12.8,32.3,0
Chennai,13.0827,80.2707,2018-12-24,28.2,3.2,1.6,22.6,0
Chennai,13.0827,80.2707,2018-12-31,27.8,2.5,1.5,21.4,0
Chennai,13.0827,80.2707,2019-01-07,28.0,0.5,0.5,18.6,0
Chennai,13.0827,80.2707,2019-01-14,28.6,0.2,0.1,18.9,0
Chennai,13.0827,80.2707,2019-01-21,27.8,0.4,0.4,18.7,0
Chennai,13.0827,80.2707,2019-01-28,28.3,1.3,0.6,17.7,0
Chennai,13.0827,80.2707,2019-02-04,28.5,3.4,1.7,21.5,0
Chennai,13.0827,80.2707,2019-02-11,29.8,2.2,1.1,19.4,0
Chennai,13.0827,80.2707,2019-02-18,30.9,1.2,1.0,20.4,0
Chennai,13.0827,80.2707,2019-02-25,32.2,0.6,0.6,18.3,0
Chennai,13.0827,80.2707,2019-03-04,31.1,2.8000000000000003,1.1,25.8,0
Chennai,13.0827,80.2707,2019-03-11,33.7,1.4,1.2,28.3,0
Chennai,13.0827,80.2707,2019-03-18,32.0,1.0,1.0,23.5,0
Chennai,13.0827,80.2707,2019-03-25,32.7,0.0,0.0,24.5,0
Chennai,13.0827,80.2707,2019-04-01,34.3,0.0,0.0,26.7,0
Chennai,13.0827,80.2707,2019-04-08,34.0,0.2,0.1,28.3,0
Chennai,13.0827,80.2707,2019-04-15,34.0,0.2,0.2,25.4,0
Chennai,13.0827,80.2707,2019-04-22,34.5,2.4,1.8,25.5,0
Chennai,13.0827,80.2707,2019-04-29,34.5,0.2,0.2,23.3,0
Chennai,13.0827,80.2707,2019-05-06,40.1,0.7,0.7,28.2,0
Chennai,13.0827,80.2707,2019-05-13,39.0,0.0,0.0,26.6,0
Chennai,13.0827,80.2707,2019-05-20,35.2,0.0,0.0,26.8,0
Chennai,13.0827,80.2707,2019-05-27,35.6,0.1,0.1,27.5,0
Chennai,13.0827,80.2707,2019-06-03,37.7,2.1,2.0,28.7,0
Chennai,13.0827,80.2707,2019-06-10,38.5,0.4,0.3,28.8,0
Chennai,13.0827,80.2707,2019-06-17,39.8,0.5,0.3,28.6,0
Chennai,13.0827,80.2707,2019-06-24,38.6,6.2,1.7,22.0,0
Chennai,13.0827,80.2707,2019-07-01,37.0,44.9,27.0,28.4,0
Chennai,13.0827,80.2707,2019-07-08,37.7,3.2,1.0,31.6,0
Chennai,13.0827,80.2707,2019-07-15,36.8,6.3,1.9,28.2,0
Chennai,13.0827,80.2707,2019-07-22,34.3,29.8,11.5,19.1,0
Chennai,13.0827,80.2707,2019-07-29,33.2,26.1,11.0,18.6,0
Chennai,13.0827,80.2707,2019-08-05,35.3,7.3,6.8,29.2,0
Chennai,13.0827,80.2707,2019-08-12,35.6,7.2,3.2,27.3,0
Chennai,13.0827,80.2707,2019-08-19,34.7,84.2,25.5,18.9,0
Chennai,13.0827,80.2707,2019-08-26,33.1,21.0,10.4,22.0,0
Chennai,13.0827,80.2707,2019-09-02,35.0,12.5,3.4,21.3,0
Chennai,13.0827,80.2707,2019-09-09,35.5,12.600000000000001,5.7,25.6,0
Chennai,13.0827,80.2707,2019-09-16,32.7,54.4,21.3,21.2,0
Chennai,13.0827,80.2707,2019-09-23,31.0,91.1,31.9,15.0,0
Chennai,13.0827,80.2707,2019-09-30,30.0,26.0,11.6,27.7,0
Chennai,13.0827,80.2707,2019-10-07,30.9,9.0,1.6,19.3,0
Chennai,13.0827,80.2707,2019-10-14,30.6,10.3,3.9,17.9,0
Chennai,13.0827,80.2707,2019-10-21,29.9,89.6,20.9,19.1,0
Chennai,13.0827,80.2707,2019-10-28,31.1,56.900000000000006,17.7,16.7,0
Chennai,13.0827,80.2707,2019-11-04,30.3,67.0,33.6,18.4,0
Chennai,13.0827,80.2707,2019-11-11,31.6,3.3,1.4,14.0,0
Chennai,13.0827,80.2707,2019-11-18,29.9,36.4,12.1,20.0,0
Chennai,13.0827,80.2707,2019-11-25,29.1,53.3,20.5,21.4,0
Chennai,13.0827,80.2707,2019-12-02,28.8,103.0,43.5,28.8,0
Chennai,13.0827,80.2707,2019-12-09,28.6,12.2,7.6,29.2,0
Chennai,13.0827,80.2707,2019-12-16,28.5,15.0,5.0,21.6,0
Chennai,13.0827,80.2707,2019-12-23,28.4,1.9,1.2,23.7,0
Chennai,13.0827,80.2707,2019-12-30,28.4,14.7,8.8,18.9,0
Chennai,13.0827,80.2707,2020-01-06,28.8,25.1,6.6,17.9,0
Chennai,13.0827,80.2707,2020-01-13,27.9,4.4,2.2,22.0,0
Chennai,13.0827,80.2707,2020-01-20,28.5,12.899999999999999,10.7,16.2,0
Chennai,13.0827,80.2707,2020-01-27,28.4,0.1,0.1,19.7,0
Chennai,13.0827,80.2707,2020-02-03,29.3,0.0,0.0,18.7,0
Chennai,13.0827,80.2707,2020-02-10,29.1,1.8,1.0,22.2,0
Chennai,13.0827,80.2707,2020-02-17,30.5,0.7,0.5,19.1,0
Chennai,13.0827,80.2707,2020-02-24,30.0,1.1,0.8,21.1,0
Chennai,13.0827,80.2707,2020-03-02,30.1,1.7,0.5,17.4,0
Chennai,13.0827,80.2707,2020-03-09,31.0,1.5,0.7,24.7,0
Chennai,13.0827,80.2707,2020-03-16,31.2,0.0,0.0,22.6,0
Chennai,13.0827,80.2707,2020-03-23,32.2,0.0,0.0,25.4,0
Chennai,13.0827,80.2707,2020-03-30,32.3,0.0,0.0,18.9,0
Chennai,13.0827,80.2707,2020-04-06,33.0,2.3,1.3,22.5,0
Chennai,13.0827,80.2707,2020-04-13,33.2,3.3,1.5,24.9,0
Chennai,13.0827,80.2707,2020-04-20,33.2,0.6000000000000001,0.2,25.3,0
Chennai,13.0827,80.2707,2020-04-27,34.5,3.8,2.9,27.1,0
Chennai,13.0827,80.2707,2020-05-04,34.2,1.2,0.9,23.7,0
Chennai,13.0827,80.2707,2020-05-11,33.9,0.7,0.3,25.0,0
Chennai,13.0827,80.2707,2020-05-18,38.7,2.4,1.0,21.9,0
Chennai,13.0827,80.2707,2020-05-25,42.0,0.4,0.2,29.7,0
Chennai,13.0827,80.2707,2020-06-01,35.8,1.3,1.1,26.9,0
Chennai,13.0827,80.2707,2020-06-08,37.1,3.7,2.2,26.1,0
Chennai,13.0827,80.2707,2020-06-15,38.4,5.3,1.9,27.8,0
Chennai,13.0827,80.2707,2020-06-22,37.2,9.0,7.1,24.0,0
Chennai,13.0827,80.2707,2020-06-29,33.5,25.799999999999997,8.1,20.6,0
Chennai,13.0827,80.2707,2020-07-06,33.5,27.2,10.3,19.9,0
Chennai,13.0827,80.2707,2020-07-13,34.6,64.5,22.2,17.4,0
Chennai,13.0827,80.2707,2020-07-20,32.7,17.2,6.6,22.9,0
Chennai,13.0827,80.2707,2020-07-27,32.5,30.9,11.9,21.2,0
Chennai,13.0827,80.2707,2020-08-03,33.3,62.7,25.1,18.9,0
Chennai,13.0827,80.2707,2020-08-10,34.2,21.6,9.9,23.7,0
Chennai,13.0827,80.2707,2020-08-17,34.0,9.8,4.7,20.0,0
Chennai,13.0827,80.2707,2020-08-24,33.4,27.299999999999997,9.7,19.9,0
Chennai,13.0827,80.2707,2020-08-31,32.8,26.8,7.2,16.3,0
Chennai,13.0827,80.2707,2020-09-07,31.7,40.0,17.0,23.4,0
Chennai,13.0827,80.2707,2020-09-14,32.3,49.9,24.6,18.1,0
Chennai,13.0827,80.2707,2020-09-21,32.4,36.0,13.9,24.7,0
Chennai,13.0827,80.2707,2020-09-28,33.4,12.0,5.3,22.9,0
Chennai,13.0827,80.2707,2020-10-05,33.9,39.9,24.1,17.4,0
Chennai,13.0827,80.2707,2020-10-12,33.8,60.5,28.5,16.0,0
Chennai,13.0827,80.2707,2020-10-19,32.9,48.7,24.8,21.9,0
Chennai,13.0827,80.2707,2020-10-26,32.1,79.8,26.2,16.1,0
Chennai,13.0827,80.2707,2020-11-02,31.0,27.8,16.0,21.8,0
Chennai,13.0827,80.2707,2020-11-09,30.4,28.9,9.2,25.0,0
Chennai,13.0827,80.2707,2020-11-16,29.9,115.3,53.5,23.5,1
Chennai,13.0827,80.2707,2020-11-23,29.3,16.599999999999998,10.2,24.5,0
Chennai,13.0827,80.2707,2020-11-30,28.6,139.9,97.3,50.2,1
Chennai,13.0827,80.2707,2020-12-07,28.8,183.7,57.0,26.4,1
Chennai,13.0827,80.2707,2020-12-14,28.5,19.6,13.6,20.0,0
Chennai,13.0827,80.2707,2020-12-21,28.1,7.9,4.4,24.4,0
Chennai,13.0827,80.2707,2020-12-28,28.0,0.0,0.0,21.1,0
Chennai,13.0827,80.2707,2021-01-04,28.2,68.3,43.3,25.7,0
Chennai,13.0827,80.2707,2021-01-11,28.0,47.2,17.6,22.1,0
Chennai,13.0827,80.2707,2021-01-18,28.1,3.2,1.6,22.7,0
Chennai,13.0827,80.2707,2021-01-25,28.5,2.8,1.1,17.6,0
Chennai,13.0827,80.2707,2021-02-01,28.5,1.5,0.8,20.2,0
Chennai,13.0827,80.2707,2021-02-08,28.7,0.5,0.5,20.4,0
Chennai,13.0827,80.2707,2021-02-15,28.6,0.0,0.0,17.9,0
Chennai,13.0827,80.2707,2021-02-22,28.9,21.3,11.3,20.2,0
Chennai,13.0827,80.2707,2021-03-01,30.5,0.0,0.0,17.6,0
Chennai,13.0827,80.2707,2021-03-08,30.5,0.0,0.0,15.1,0
Chennai,13.0827,80.2707,2021-03-15,31.6,0.6,0.5,16.4,0
Chennai,13.0827,80.2707,2021-03-22,31.2,0.0,0.0,16.6,0
Chennai,13.0827,80.2707,2021-03-29,32.8,0.0,0.0,22.3,0
Chennai,13.0827,80.2707,2021-04-05,37.7,0.0,0.0,25.0,0
Chennai,13.0827,80.2707,2021-04-12,32.4,1.7,0.8,22.7,0
Chennai,13.0827,80.2707,2021-04-19,33.8,6.4,3.7,22.5,0
Chennai,13.0827,80.2707,2021-04-26,33.5,1.5,0.6,26.1,0
Chennai,13.0827,80.2707,2021-05-03,33.7,1.4,0.5,21.3,0
Chennai,13.0827,80.2707,2021-05-10,33.3,4.1,1.3,20.5,0
Chennai,13.0827,80.2707,2021-05-17,34.8,2.1999999999999997,1.2,29.7,0
Chennai,13.0827,80.2707,2021-05-24,37.7,41.1,30.0,26.6,0
Chennai,13.0827,80.2707,2021-05-31,39.7,0.8999999999999999,0.7,23.0,0
Chennai,13.0827,80.2707,2021-06-07,36.0,10.8,4.7,20.4,0
Chennai,13.0827,80.2707,2021-06-14,38.3,3.1,1.0,30.5,0
Chennai,13.0827,80.2707,2021-06-21,38.6,1.7,0.6,27.1,0
Chennai,13.0827,80.2707,2021-06-28,35.7,16.7,5.4,23.9,0
Chennai,13.0827,80.2707,2021-07-05,33.9,39.1,18.3,24.3,0
Chennai,13.0827,80.2707,2021-07-12,33.9,32.7,8.2,20.3,0
Chennai,13.0827,80.2707,2021-07-19,33.5,75.5,26.8,21.3,0
Chennai,13.0827,80.2707,2021-07-26,35.0,7.9,3.9,29.7,0
Chennai,13.0827,80.2707,2021-08-02,36.3,2.5,1.1,21.9,0
Chennai,13.0827,80.2707,2021-08-09,37.2,14.0,3.7,21.2,0
Chennai,13.0827,80.2707,2021-08-16,34.3,30.099999999999998,10.2,20.7,0
Chennai,13.0827,80.2707,2021-08-23,33.5,16.6,5.2,23.1,0
Chennai,13.0827,80.2707,2021-08-30,33.5,92.8,35.1,19.6,0
Chennai,13.0827,80.2707,2021-09-06,31.5,73.5,26.7,18.8,0
Chennai,13.0827,80.2707,2021-09-13,35.1,2.9000000000000004,1.5,23.9,0
Chennai,13.0827,80.2707,2021-09-20,34.4,12.9,3.7,22.1,0
Chennai,13.0827,80.2707,2021-09-27,33.7,36.1,9.4,21.3,0
Chennai,13.0827,80.2707,2021-10-04,32.7,38.0,11.4,19.3,0
Chennai,13.0827,80.2707,2021-10-11,31.5,80.9,30.7,20.4,0
Chennai,13.0827,80.2707,2021-10-18,32.6,30.0,13.1,18.0,0
Chennai,13.0827,80.2707,2021-10-25,32.7,36.8,10.0,20.0,0
Chennai,13.0827,80.2707,2021-11-01,30.4,83.80000000000001,23.6,21.7,0
Chennai,13.0827,80.2707,2021-11-08,28.4,167.0,58.3,22.4,1
Chennai,13.0827,80.2707,2021-11-15,29.4,296.3,186.3,38.6,1
Chennai,13.0827,80.2707,2021-11-22,29.2,124.7,62.2,30.5,1
Chennai,13.0827,80.2707,2021-11-29,29.7,163.89999999999998,40.3,23.0,0
Chennai,13.0827,80.2707,2021-12-06,30.5,12.1,6.6,19.8,0
Chennai,13.0827,80.2707,2021-12-13,29.5,27.7,10.1,23.2,0
Chennai,13.0827,80.2707,2021-12-20,28.2,6.1,6.1,24.5,0
Chennai,13.0827,80.2707,2021-12-27,29.1,0.0,0.0,14.3,0
Chennai,13.0827,80.2707,2022-01-03,28.3,40.3,17.3,25.3,0
Chennai,13.0827,80.2707,2022-01-10,28.5,3.1,2.5,21.0,0
Chennai,13.0827,80.2707,2022-01-17,28.9,13.9,3.6,21.2,0
Chennai,13.0827,80.2707,2022-01-24,30.5,3.5,2.1,22.2,0
Chennai,13.0827,80.2707,2022-01-31,28.9,3.6,1.2,23.5,0
Chennai,13.0827,80.2707,2022-02-07,30.5,1.4,0.9,17.3,0
Chennai,13.0827,80.2707,2022-02-14,29.5,2.1,2.0,21.9,0
Chennai,13.0827,80.2707,2022-02-21,31.6,0.1,0.1,22.6,0
Chennai,13.0827,80.2707,2022-02-28,30.3,0.2,0.1,19.0,0
Chennai,13.0827,80.2707,2022-03-07,32.3,0.6,0.3,29.4,0
Chennai,13.0827,80.2707,2022-03-14,32.5,0.0,0.0,15.9,0
Chennai,13.0827,80.2707,2022-03-21,33.7,4.8,4.8,23.3,0
Chennai,13.0827,80.2707,2022-03-28,33.3,2.2,0.8,26.9,0
Chennai,13.0827,80.2707,2022-04-04,34.2,1.5,0.7,28.0,0
Chennai,13.0827,80.2707,2022-04-11,32.3,2.5,1.2,20.2,0
Chennai,13.0827,80.2707,2022-04-18,35.0,3.8000000000000003,1.2,25.8,0
Chennai,13.0827,80.2707,2022-04-25,34.4,0.2,0.1,26.1,0
Chennai,13.0827,80.2707,2022-05-02,35.2,0.0,0.0,27.4,0
Chennai,13.0827,80.2707,2022-05-09,35.8,0.6,0.3,23.7,0
Chennai,13.0827,80.2707,2022-05-16,34.5,80.0,22.3,31.4,0
Chennai,13.0827,80.2707,2022-05-23,37.5,15.7,7.3,24.3,0
Chennai,13.0827,80.2707,2022-05-30,37.6,5.499999999999999,4.6,20.7,0
Chennai,13.0827,80.2707,2022-06-06,37.7,2.4,2.3,24.8,0
Chennai,13.0827,80.2707,2022-06-13,37.5,0.6,0.5,24.1,0
Chennai,13.0827,80.2707,2022-06-20,35.7,29.4,7.4,26.3,0
Chennai,13.0827,80.2707,2022-06-27,35.0,12.9,5.6,25.5,0
Chennai,13.0827,80.2707,2022-07-04,35.1,32.900000000000006,16.1,21.5,0
Chennai,13.0827,80.2707,2022-07-11,34.9,20.4,5.5,28.5,0
Chennai,13.0827,80.2707,2022-07-18,36.7,7.4,3.3,32.3,0
Chennai,13.0827,80.2707,2022-07-25,33.3,50.5,19.8,20.0,0
Chennai,13.0827,80.2707,2022-08-01,32.3,23.5,10.3,16.6,0
Chennai,13.0827,80.2707,2022-08-08,33.0,60.3,21.2,24.5,0
Chennai,13.0827,80.2707,2022-08-15,35.7,0.8,0.3,27.5,0
Chennai,13.0827,80.2707,2022-08-22,34.7,24.6,10.0,23.1,0
Chennai,13.0827,80.2707,2022-08-29,34.0,54.5,15.0,19.4,0
Chennai,13.0827,80.2707,2022-09-05,31.7,33.9,16.8,17.7,0
Chennai,13.0827,80.2707,2022-09-12,32.7,40.5,15.2,24.7,0
Chennai,13.0827,80.2707,2022-09-19,34.0,7.7,2.7,20.8,0
Chennai,13.0827,80.2707,2022-09-26,35.5,6.4,3.5,19.3,0
Chennai,13.0827,80.2707,2022-10-03,33.5,51.2,25.6,21.5,0
Chennai,13.0827,80.2707,2022-10-10,33.9,124.1,51.5,17.1,1
Chennai,13.0827,80.2707,2022-10-17,30.4,37.8,9.9,17.6,0
Chennai,13.0827,80.2707,2022-10-24,31.5,45.6,12.3,27.3,0
Chennai,13.0827,80.2707,2022-10-31,31.5,45.9,37.3,24.9,0
Chennai,13.0827,80.2707,2022-11-07,29.6,130.5,80.2,21.9,1
Chennai,13.0827,80.2707,2022-11-14,29.2,84.19999999999999,32.4,26.7,0
Chennai,13.0827,80.2707,2022-11-21,29.0,49.4,48.3,24.7,0
Chennai,13.0827,80.2707,2022-11-28,28.6,86.0,67.6,22.1,1
Chennai,13.0827,80.2707,2022-12-05,29.0,12.0,4.8,20.1,0
Chennai,13.0827,80.2707,2022-12-12,28.6,180.1,114.0,53.1,1
Chennai,13.0827,80.2707,2022-12-19,28.5,3.9,1.5,24.0,0
Chennai,13.0827,80.2707,2022-12-26,28.2,25.1,13.1,27.8,0
Chennai,13.0827,80.2707,2023-01-02,29.1,2.1999999999999997,1.4,13.0,0
Chennai,13.0827,80.2707,2023-01-09,28.5,4.5,1.9,24.5,0
Chennai,13.0827,80.2707,2023-01-16,28.0,0.0,0.0,18.2,0
Chennai,13.0827,80.2707,2023-01-23,29.1,5.5,3.2,21.3,0
Chennai,13.0827,80.2707,2023-01-30,29.2,3.0999999999999996,1.9,24.3,0
Chennai,13.0827,80.2707,2023-02-06,29.1,3.8,2.0,24.6,0
Chennai,13.0827,80.2707,2023-02-13,31.3,0.0,0.0,15.2,0
Chennai,13.0827,80.2707,2023-02-20,30.8,0.1,0.1,16.6,0
Chennai,13.0827,80.2707,2023-02-27,31.7,0.0,0.0,16.9,0
Chennai,13.0827,80.2707,2023-03-06,31.2,0.2,0.2,17.8,0
Chennai,13.0827,80.2707,2023-03-13,31.8,0.0,0.0,18.7,0
Chennai,13.0827,80.2707,2023-03-20,31.2,32.2,21.5,20.6,0
Chennai,13.0827,80.2707,2023-03-27,33.0,6.7,2.0,22.2,0
Chennai,13.0827,80.2707,2023-04-03,32.9,9.200000000000001,6.1,23.7,0
Chennai,13.0827,80.2707,2023-04-10,32.8,0.6000000000000001,0.4,24.7,0
Chennai,13.0827,80.2707,2023-04-17,35.5,0.0,0.0,21.9,0
Chennai,13.0827,80.2707,2023-04-24,36.0,7.3,6.3,27.4,0
Chennai,13.0827,80.2707,2023-05-01,33.0,38.0,25.5,24.9,0
Chennai,13.0827,80.2707,2023-05-08,32.0,55.8,27.8,22.2,0
Chennai,13.0827,80.2707,2023-05-15,40.2,0.1,0.1,21.3,0
Chennai,13.0827,80.2707,2023-05-22,38.2,10.5,9.8,26.1,0
Chennai,13.0827,80.2707,2023-05-29,38.5,8.4,7.2,26.0,0
Chennai,13.0827,80.2707,2023-06-05,39.0,1.1,0.6,22.5,0
Chennai,13.0827,80.2707,2023-06-12,39.8,25.200000000000003,16.8,31.7,0
Chennai,13.0827,80.2707,2023-06-19,39.5,21.0,16.8,22.8,0
Chennai,13.0827,80.2707,2023-06-26,34.9,5.2,2.1,28.2,0
Chennai,13.0827,80.2707,2023-07-03,36.3,25.9,17.7,23.7,0
Chennai,13.0827,80.2707,2023-07-10,35.2,64.5,22.4,21.9,0
Chennai,13.0827,80.2707,2023-07-17,35.7,30.0,16.2,18.2,0
Chennai,13.0827,80.2707,2023-07-24,36.2,23.0,11.1,29.2,0
Chennai,13.0827,80.2707,2023-07-31,35.5,22.3,15.8,26.3,0
Chennai,13.0827,80.2707,2023-08-07,37.0,19.7,15.4,22.8,0
Chennai,13.0827,80.2707,2023-08-14,35.2,44.400000000000006,18.3,18.8,0
Chennai,13.0827,80.2707,2023-08-21,35.5,15.5,8.5,22.6,0
Chennai,13.0827,80.2707,2023-08-28,35.0,54.0,18.7,20.2,0
Chennai,13.0827,80.2707,2023-09-04,34.7,33.3,8.6,24.6,0
Chennai,13.0827,80.2707,2023-09-11,34.9,27.9,18.7,26.5,0
Chennai,13.0827,80.2707,2023-09-18,36.1,35.4,16.7,23.2,0
Chennai,13.0827,80.2707,2023-09-25,34.0,53.3,18.6,18.5,0
Chennai,13.0827,80.2707,2023-10-02,33.7,50.7,21.7,21.2,0
Chennai,13.0827,80.2707,2023-10-09,34.5,22.7,10.0,18.8,0
Chennai,13.0827,80.2707,2023-10-16,32.3,40.7,22.5,13.5,0
Chennai,13.0827,80.2707,2023-10-23,33.7,8.1,4.8,21.5,0
Chennai,13.0827,80.2707,2023-10-30,33.8,23.2,8.9,18.2,0
Chennai,13.0827,80.2707,2023-11-06,31.0,111.5,34.6,21.8,0
Chennai,13.0827,80.2707,2023-11-13,30.0,45.5,13.8,23.7,0
Chennai,13.0827,80.2707,2023-11-20,29.7,108.6,51.8,24.3,1
Chennai,13.0827,80.2707,2023-11-27,29.6,90.8,26.3,22.7,0
Chennai,13.0827,80.2707,2023-12-04,29.4,372.0,255.8,50.1,1
Chennai,13.0827,80.2707,2023-12-11,31.0,39.4,17.1,26.0,0
Chennai,13.0827,80.2707,2023-12-18,29.0,14.9,6.1,24.8,0
Chennai,13.0827,80.2707,2023-12-25,28.4,3.8,3.4,24.7,0
Chennai,13.0827,80.2707,2024-01-01,28.4,5.5,2.0,23.9,0
Kolkata,22.5726,88.3639,2014-01-06,25.6,0.2,0.2,13.1,0
Kolkata,22.5726,88.3639,2014-01-13,25.4,0.0,0.0,11.7,0
Kolkata,22.5726,88.3639,2014-01-20,26.8,0.0,0.0,14.1,0
Kolkata,22.5726,88.3639,2014-01-27,26.4,0.0,0.0,14.4,0
Kolkata,22.5726,88.3639,2014-02-03,25.6,0.0,0.0,14.5,0
Kolkata,22.5726,88.3639,2014-02-10,30.1,0.0,0.0,13.6,0
Kolkata,22.5726,88.3639,2014-02-17,28.6,39.3,33.7,17.0,0
Kolkata,22.5726,88.3639,2014-02-24,28.1,0.0,0.0,11.0,0
Kolkata,22.5726,88.3639,2014-03-03,28.6,0.2,0.1,20.4,0
Kolkata,22.5726,88.3639,2014-03-10,30.3,1.2,0.7,13.4,0
Kolkata,22.5726,88.3639,2014-03-17,34.2,0.0,0.0,12.7,0
Kolkata,22.5726,88.3639,2014-03-24,35.8,22.1,14.0,13.8,0
Kolkata,22.5726,88.3639,2014-03-31,38.2,0.0,0.0,13.6,0
Kolkata,22.5726,88.3639,2014-04-07,37.8,2.5,2.5,17.1,0
Kolkata,22.5726,88.3639,2014-04-14,37.3,4.5,1.5,15.3,0
Kolkata,22.5726,88.3639,2014-04-21,39.0,2.6,1.7,14.0,0
Kolkata,22.5726,88.3639,2014-04-28,40.4,1.5,0.8,17.8,0
Kolkata,22.5726,88.3639,2014-05-05,38.4,2.6,1.2,21.6,0
Kolkata,22.5726,88.3639,2014-05-12,40.0,6.3999999999999995,3.9,22.7,0
Kolkata,22.5726,88.3639,2014-05-19,40.1,3.3,1.2,19.5,0
Kolkata,22.5726,88.3639,2014-05-26,40.3,33.5,25.2,21.3,0
Kolkata,22.5726,88.3639,2014-06-02,34.7,99.4,67.1,22.3,1
Kolkata,22.5726,88.3639,2014-06-09,34.3,7.5,4.8,21.1,0
Kolkata,22.5726,88.3639,2014-06-16,37.5,13.8,11.3,19.3,0
Kolkata,22.5726,88.3639,2014-06-23,34.3,144.9,51.8,21.9,1
Kolkata,22.5726,88.3639,2014-06-30,35.1,116.2,31.3,14.2,0
Kolkata,22.5726,88.3639,2014-07-07,32.9,93.2,27.9,19.8,0
Kolkata,22.5726,88.3639,2014-07-14,33.3,58.2,20.2,19.6,0
Kolkata,22.5726,88.3639,2014-07-21,31.5,67.8,24.8,19.6,0
Kolkata,22.5726,88.3639,2014-07-28,31.9,52.900000000000006,22.6,17.9,0
Kolkata,22.5726,88.3639,2014-08-04,32.3,70.2,21.0,26.7,0
Kolkata,22.5726,88.3639,2014-08-11,32.9,75.5,30.9,22.5,0
Kolkata,22.5726,88.3639,2014-08-18,32.7,144.8,76.4,18.5,1
Kolkata,22.5726,88.3639,2014-08-25,32.1,44.6,11.9,17.8,0
Kolkata,22.5726,88.3639,2014-09-01,32.5,65.1,24.3,18.1,0
Kolkata,22.5726,88.3639,2014-09-08,31.1,55.5,31.8,22.6,0
Kolkata,22.5726,88.3639,2014-09-15,31.8,24.1,9.0,12.6,0
Kolkata,22.5726,88.3639,2014-09-22,33.0,64.0,18.8,23.1,0
Kolkata,22.5726,88.3639,2014-09-29,33.1,4.1000000000000005,2.5,12.2,0
Kolkata,22.5726,88.3639,2014-10-06,32.7,10.9,4.4,7.3,0
Kolkata,22.5726,88.3639,2014-10-13,32.5,27.200000000000003,9.4,18.3,0
Kolkata,22.5726,88.3639,2014-10-20,30.7,12.5,10.3,13.1,0
Kolkata,22.5726,88.3639,2014-10-27,30.2,2.7,2.0,9.7,0
Kolkata,22.5726,88.3639,2014-11-03,30.1,0.0,0.0,10.6,0
Kolkata,22.5726,88.3639,2014-11-10,31.6,0.0,0.0,13.7,0
Kolkata,22.5726,88.3639,2014-11-17,31.3,0.0,0.0,11.2,0
Kolkata,22.5726,88.3639,2014-11-24,28.4,0.0,0.0,10.1,0
Kolkata,22.5726,88.3639,2014-12-01,28.9,0.0,0.0,12.3,0
Kolkata,22.5726,88.3639,2014-12-08,28.1,0.0,0.0,10.1,0
Kolkata,22.5726,88.3639,2014-12-15,27.2,0.0,0.0,12.8,0
Kolkata,22.5726,88.3639,2014-12-22,26.2,0.0,0.0,15.1,0
Kolkata,22.5726,88.3639,2014-12-29,25.0,0.0,0.0,12.9,0
Kolkata,22.5726,88.3639,2015-01-05,27.5,34.9,22.3,17.0,0
Kolkata,22.5726,88.3639,2015-01-12,23.6,0.0,0.0,14.8,0
Kolkata,22.5726,88.3639,2015-01-19,24.8,0.0,0.0,14.4,0
Kolkata,22.5726,88.3639,2015-01-26,26.4,0.0,0.0,10.6,0
Kolkata,22.5726,88.3639,2015-02-02,27.6,0.0,0.0,13.0,0
Kolkata,22.5726,88.3639,2015-02-09,29.1,0.0,0.0,12.4,0
Kolkata,22.5726,88.3639,2015-02-16,28.9,6.6,4.1,12.9,0
Kolkata,22.5726,88.3639,2015-02-23,31.4,8.8,5.4,13.0,0
Kolkata,22.5726,88.3639,2015-03-02,33.2,0.0,0.0,16.7,0
Kolkata,22.5726,88.3639,2015-03-09,32.1,6.1,5.8,14.6,0
Kolkata,22.5726,88.3639,2015-03-16,34.3,0.2,0.2,14.1,0
Kolkata,22.5726,88.3639,2015-03-23,35.6,0.0,0.0,13.0,0
Kolkata,22.5726,88.3639,2015-03-30,35.1,35.9,17.0,17.1,0
Kolkata,22.5726,88.3639,2015-04-06,35.7,32.2,23.6,21.7,0
Kolkata,22.5726,88.3639,2015-04-13,33.8,41.7,18.8,15.6,0
Kolkata,22.5726,88.3639,2015-04-20,34.6,1.1,0.5,21.1,0
Kolkata,22.5726,88.3639,2015-04-27,37.1,63.3,23.7,26.3,0
Kolkata,22.5726,88.3639,2015-05-04,34.0,32.7,13.5,19.1,0
Kolkata,22.5726,88.3639,2015-05-11,35.6,0.3,0.3,20.3,0
Kolkata,22.5726,88.3639,2015-05-18,36.1,13.700000000000001,7.2,17.6,0
Kolkata,22.5726,88.3639,2015-05-25,39.4,2.8,2.4,25.8,0
Kolkata,22.5726,88.3639,2015-06-01,36.9,0.3,0.3,24.5,0
Kolkata,22.5726,88.3639,2015-06-08,38.1,3.1,1.3,20.9,0
Kolkata,22.5726,88.3639,2015-06-15,38.4,51.2,12.5,26.0,0
Kolkata,22.5726,88.3639,2015-06-22,32.3,57.6,14.8,24.7,0
Kolkata,22.5726,88.3639,2015-06-29,30.6,111.2,24.4,18.9,0
Kolkata,22.5726,88.3639,2015-07-06,33.5,68.5,18.2,13.8,0
Kolkata,22.5726,88.3639,2015-07-13,33.0,157.0,42.9,23.8,0
Kolkata,22.5726,88.3639,2015-07-20,32.3,226.3,53.4,14.8,1
Kolkata,22.5726,88.3639,2015-07-27,31.0,147.4,39.7,22.0,0
Kolkata,22.5726,88.3639,2015-08-03,31.5,287.6,100.2,23.0,1
Kolkata,22.5726,88.3639,2015-08-10,32.9,17.2,6.1,15.0,0
Kolkata,22.5726,88.3639,2015-08-17,31.8,48.0,13.7,19.1,0
Kolkata,22.5726,88.3639,2015-08-24,32.8,50.5,17.3,20.7,0
Kolkata,22.5726,88.3639,2015-08-31,31.6,92.8,24.5,18.4,0
Kolkata,22.5726,88.3639,2015-09-07,33.3,34.6,23.6,13.4,0
Kolkata,22.5726,88.3639,2015-09-14,34.0,26.6,12.0,17.5,0
Kolkata,22.5726,88.3639,2015-09-21,32.4,71.1,20.8,20.9,0
Kolkata,22.5726,88.3639,2015-09-28,33.0,49.7,25.8,20.4,0
Kolkata,22.5726,88.3639,2015-10-05,33.1,3.7,2.2,10.2,0
Kolkata,22.5726,88.3639,2015-10-12,32.9,13.9,5.2,13.7,0
Kolkata,22.5726,88.3639,2015-10-19,31.2,14.1,8.0,10.3,0
Kolkata,22.5726,88.3639,2015-10-26,32.4,1.2,0.7,9.1,0
Kolkata,22.5726,88.3639,2015-11-02,30.4,5.999999999999999,5.3,16.3,0
Kolkata,22.5726,88.3639,2015-11-09,31.1,0.30000000000000004,0.2,10.7,0
Kolkata,22.5726,88.3639,2015-11-16,30.7,0.0,0.0,10.9,0
Kolkata,22.5726,88.3639,2015-11-23,29.6,0.1,0.1,13.6,0
Kolkata,22.5726,88.3639,2015-11-30,29.9,0.0,0.0,12.1,0
Kolkata,22.5726,88.3639,2015-12-07,30.1,9.3,7.3,9.4,0
Kolkata,22.5726,88.3639,2015-12-14,29.3,2.0,1.7,13.0,0
Kolkata,22.5726,88.3639,2015-12-21,25.8,10.6,10.6,12.1,0
Kolkata,22.5726,88.3639,2015-12-28,25.4,0.0,0.0,15.1,0
Kolkata,22.5726,88.3639,2016-01-04,26.3,0.0,0.0,10.7,0
Kolkata,22.5726,88.3639,2016-01-11,27.9,0.0,0.0,12.1,0
Kolkata,22.5726,88.3639,2016-01-18,27.1,0.0,0.0,11.0,0
Kolkata,22.5726,88.3639,2016-01-25,26.9,12.299999999999999,11.4,15.6,0
Kolkata,22.5726,88.3639,2016-02-01,28.9,4.4,3.4,11.0,0
Kolkata,22.5726,88.3639,2016-02-08,28.2,0.4,0.4,15.2,0
Kolkata,22.5726,88.3639,2016-02-15,29.9,3.4,1.6,14.2,0
Kolkata,22.5726,88.3639,2016-02-22,35.4,0.4,0.4,13.1,0
Kolkata,22.5726,88.3639,2016-02-29,31.6,109.00000000000001,50.2,10.5,1
Kolkata,22.5726,88.3639,2016-03-07,32.4,2.1,1.0,11.5,0
Kolkata,22.5726,88.3639,2016-03-14,33.4,0.2,0.2,20.0,0
Kolkata,22.5726,88.3639,2016-03-21,34.5,15.3,13.3,15.8,0
Kolkata,22.5726,88.3639,2016-03-28,34.4,1.2,0.6,23.1,0
Kolkata,22.5726,88.3639,2016-04-04,35.4,14.1,5.1,20.1,0
Kolkata,22.5726,88.3639,2016-04-11,40.2,4.0,2.1,19.9,0
Kolkata,22.5726,88.3639,2016-04-18,40.3,0.0,0.0,24.3,0
Kolkata,22.5726,88.3639,2016-04-25,39.8,0.0,0.0,22.7,0
Kolkata,22.5726,88.3639,2016-05-02,39.4,25.799999999999997,23.2,19.3,0
Kolkata,22.5726,88.3639,2016-05-09,35.3,27.8,10.2,16.1,0
Kolkata,22.5726,88.3639,2016-05-16,36.2,16.599999999999998,6.8,26.3,0
Kolkata,22.5726,88.3639,2016-05-23,35.6,99.1,63.6,25.7,1
Kolkata,22.5726,88.3639,2016-05-30,35.5,21.599999999999998,7.1,16.6,0
Kolkata,22.5726,88.3639,2016-06-06,34.4,24.7,11.5,15.5,0
Kolkata,22.5726,88.3639,2016-06-13,37.3,42.1,14.2,18.9,0
Kolkata,22.5726,88.3639,2016-06-20,34.5,57.8,22.3,18.7,0
Kolkata,22.5726,88.3639,2016-06-27,32.9,40.5,14.7,16.2,0
Kolkata,22.5726,88.3639,2016-07-04,32.9,60.0,30.8,20.6,0
Kolkata,22.5726,88.3639,2016-07-11,31.9,72.5,30.6,18.9,0
Kolkata,22.5726,88.3639,2016-07-18,31.3,59.4,31.0,21.5,0
Kolkata,22.5726,88.3639,2016-07-25,31.7,62.5,15.8,18.5,0
Kolkata,22.5726,88.3639,2016-08-01,32.3,56.3,18.5,16.0,0
Kolkata,22.5726,88.3639,2016-08-08,31.0,129.6,57.0,19.1,1
Kolkata,22.5726,88.3639,2016-08-15,32.4,80.0,17.0,21.7,0
Kolkata,22.5726,88.3639,2016-08-22,33.3,176.39999999999998,79.6,24.5,1
Kolkata,22.5726,88.3639,2016-08-29,32.8,23.8,7.5,13.2,0
Kolkata,22.5726,88.3639,2016-09-05,32.8,86.1,32.2,15.5,0
Kolkata,22.5726,88.3639,2016-09-12,31.3,42.9,16.1,17.0,0
Kolkata,22.5726,88.3639,2016-09-19,32.0,29.6,13.4,11.8,0
Kolkata,22.5726,88.3639,2016-09-26,32.1,54.6,11.6,15.8,0
Kolkata,22.5726,88.3639,2016-10-03,31.9,38.6,16.1,11.9,0
Kolkata,22.5726,88.3639,2016-10-10,32.4,61.5,14.8,12.6,0
Kolkata,22.5726,88.3639,2016-10-17,31.5,8.5,8.5,13.0,0
Kolkata,22.5726,88.3639,2016-10-24,31.5,0.1,0.1,11.6,0
Kolkata,22.5726,88.3639,2016-10-31,30.9,17.2,10.9,13.0,0
Kolkata,22.5726,88.3639,2016-11-07,30.8,30.2,14.8,21.3,0
Kolkata,22.5726,88.3639,2016-11-14,28.8,0.0,0.0,10.1,0
Kolkata,22.5726,88.3639,2016-11-21,28.2,0.0,0.0,14.4,0
Kolkata,22.5726,88.3639,2016-11-28,28.0,0.0,0.0,11.2,0
Kolkata,22.5726,88.3639,2016-12-05,28.8,0.0,0.0,15.1,0
Kolkata,22.5726,88.3639,2016-12-12,27.9,0.0,0.0,13.4,0
Kolkata,22.5726,88.3639,2016-12-19,26.1,0.0,0.0,17.9,0
Kolkata,22.5726,88.3639,2016-12-26,28.2,0.0,0.0,10.7,0
Kolkata,22.5726,88.3639,2017-01-02,26.6,0.0,0.0,15.5,0
Kolkata,22.5726,88.3639,2017-01-09,26.9,0.5,0.5,14.8,0
Kolkata,22.5726,88.3639,2017-01-16,25.1,0.2,0.2,16.9,0
Kolkata,22.5726,88.3639,2017-01-23,27.2,0.0,0.0,16.4,0
Kolkata,22.5726,88.3639,2017-01-30,28.4,0.0,0.0,15.5,0
Kolkata,22.5726,88.3639,2017-02-06,29.0,0.0,0.0,14.5,0
Kolkata,22.5726,88.3639,2017-02-13,30.0,0.1,0.1,12.6,0
Kolkata,22.5726,88.3639,2017-02-20,31.2,0.1,0.1,15.8,0
Kolkata,22.5726,88.3639,2017-02-27,32.4,0.1,0.1,22.2,0
Kolkata,22.5726,88.3639,2017-03-06,35.0,3.5999999999999996,1.9,19.3,0
Kolkata,22.5726,88.3639,2017-03-13,31.6,33.8,18.3,21.4,0
Kolkata,22.5726,88.3639,2017-03-20,32.8,28.2,18.4,19.5,0
Kolkata,22.5726,88.3639,2017-03-27,35.8,0.7999999999999999,0.6,20.4,0
Kolkata,22.5726,88.3639,2017-04-03,36.5,1.1,1.0,26.2,0
Kolkata,22.5726,88.3639,2017-04-10,36.7,3.8,2.9,27.0,0
Kolkata,22.5726,88.3639,2017-04-17,36.8,3.5,1.9,28.0,0
Kolkata,22.5726,88.3639,2017-04-24,36.0,54.3,34.8,33.8,0
Kolkata,22.5726,88.3639,2017-05-01,38.5,24.8,14.6,24.4,0
Kolkata,22.5726,88.3639,2017-05-08,36.5,8.4,6.4,22.8,0
Kolkata,22.5726,88.3639,2017-05-15,38.1,9.2,8.2,23.8,0
Kolkata,22.5726,88.3639,2017-05-22,38.5,14.3,11.9,22.2,0
Kolkata,22.5726,88.3639,2017-05-29,38.0,12.200000000000001,8.8,22.3,0
Kolkata,22.5726,88.3639,2017-06-05,37.8,8.0,3.4,27.0,0
Kolkata,22.5726,88.3639,2017-06-12,37.5,63.7,32.5,21.0,0
Kolkata,22.5726,88.3639,2017-06-19,35.8,65.2,24.1,22.2,0
Kolkata,22.5726,88.3639,2017-06-26,32.2,78.7,26.7,19.6,0
Kolkata,22.5726,88.3639,2017-07-03,32.0,102.7,30.7,21.1,0
Kolkata,22.5726,88.3639,2017-07-10,32.4,92.9,18.5,19.8,0
Kolkata,22.5726,88.3639,2017-07-17,31.6,65.8,27.1,26.4,0
Kolkata,22.5726,88.3639,2017-07-24,32.0,366.3,132.3,31.6,1
Kolkata,22.5726,88.3639,2017-07-31,32.7,85.1,32.8,23.6,0
Kolkata,22.5726,88.3639,2017-08-07,32.0,100.8,37.0,21.1,0
Kolkata,22.5726,88.3639,2017-08-14,31.9,81.8,26.4,22.7,0
Kolkata,22.5726,88.3639,2017-08-21,31.8,71.9,20.6,21.8,0
Kolkata,22.5726,88.3639,2017-08-28,32.0,55.3,14.5,23.3,0
Kolkata,22.5726,88.3639,2017-09-04,33.3,76.5,30.7,17.4,0
Kolkata,22.5726,88.3639,2017-09-11,33.2,43.1,15.4,21.5,0
Kolkata,22.5726,88.3639,2017-09-18,32.5,66.8,33.8,14.0,0
Kolkata,22.5726,88.3639,2017-09-25,33.7,54.9,16.6,19.3,0
Kolkata,22.5726,88.3639,2017-10-02,32.2,87.0,24.3,14.9,0
Kolkata,22.5726,88.3639,2017-10-09,32.2,118.4,53.9,32.3,1
Kolkata,22.5726,88.3639,2017-10-16,33.0,18.7,9.3,20.1,0
Kolkata,22.5726,88.3639,2017-10-23,32.1,159.1,102.6,33.0,1
Kolkata,22.5726,88.3639,2017-10-30,31.6,7.0,3.5,14.6,0
Kolkata,22.5726,88.3639,2017-11-06,30.6,0.7999999999999999,0.7,12.1,0
Kolkata,22.5726,88.3639,2017-11-13,30.0,0.0,0.0,13.3,0
Kolkata,22.5726,88.3639,2017-11-20,29.5,78.2,41.1,13.7,0
Kolkata,22.5726,88.3639,2017-11-27,28.0,0.0,0.0,11.1,0
Kolkata,22.5726,88.3639,2017-12-04,26.5,0.0,0.0,10.8,0
Kolkata,22.5726,88.3639,2017-12-11,26.6,89.39999999999999,77.6,17.9,1
Kolkata,22.5726,88.3639,2017-12-18,28.2,0.0,0.0,12.2,0
Kolkata,22.5726,88.3639,2017-12-25,25.3,0.0,0.0,11.0,0
Kolkata,22.5726,88.3639,2018-01-01,25.5,0.0,0.0,13.1,0
Kolkata,22.5726,88.3639,2018-01-08,24.0,0.0,0.0,12.9,0
Kolkata,22.5726,88.3639,2018-01-15,22.7,0.0,0.0,14.3,0
Kolkata,22.5726,88.3639,2018-01-22,24.8,0.0,0.0,12.4,0
Kolkata,22.5726,88.3639,2018-01-29,27.6,0.0,0.0,12.6,0
Kolkata,22.5726,88.3639,2018-02-05,30.4,0.0,0.0,14.0,0
Kolkata,22.5726,88.3639,2018-02-12,30.3,0.1,0.1,12.3,0
Kolkata,22.5726,88.3639,2018-02-19,30.5,0.0,0.0,16.5,0
Kolkata,22.5726,88.3639,2018-02-26,34.6,1.0,1.0,19.4,0
Kolkata,22.5726,88.3639,2018-03-05,35.2,0.9,0.9,16.7,0
Kolkata,22.5726,88.3639,2018-03-12,34.5,1.7000000000000002,1.3,17.1,0
Kolkata,22.5726,88.3639,2018-03-19,35.3,0.7,0.5,17.6,0
Kolkata,22.5726,88.3639,2018-03-26,35.2,9.6,4.1,17.4,0
Kolkata,22.5726,88.3639,2018-04-02,35.1,5.7,4.5,23.2,0
Kolkata,22.5726,88.3639,2018-04-09,32.7,30.9,15.9,18.4,0
Kolkata,22.5726,88.3639,2018-04-16,37.5,23.5,16.5,18.1,0
Kolkata,22.5726,88.3639,2018-04-23,37.1,9.8,4.9,24.3,0
Kolkata,22.5726,88.3639,2018-04-30,35.7,45.599999999999994,27.9,31.7,0
Kolkata,22.5726,88.3639,2018-05-07,34.0,54.1,35.9,24.0,0
Kolkata,22.5726,88.3639,2018-05-14,35.4,126.1,49.8,26.3,0
Kolkata,22.5726,88.3639,2018-05-21,33.8,30.2,12.1,21.6,0
Kolkata,22.5726,88.3639,2018-05-28,33.5,23.900000000000002,19.1,26.0,0
Kolkata,22.5726,88.3639,2018-06-04,35.3,54.3,24.3,22.3,0
Kolkata,22.5726,88.3639,2018-06-11,33.2,84.1,29.0,18.2,0
Kolkata,22.5726,88.3639,2018-06-18,38.0,11.6,11.4,19.2,0
Kolkata,22.5726,88.3639,2018-06-25,37.7,90.0,33.6,20.1,0
Kolkata,22.5726,88.3639,2018-07-02,32.3,85.6,42.3,28.2,0
Kolkata,22.5726,88.3639,2018-07-09,33.2,79.8,30.9,20.9,0
Kolkata,22.5726,88.3639,2018-07-16,32.2,49.2,13.2,24.2,0
Kolkata,22.5726,88.3639,2018-07-23,34.0,71.8,20.5,32.8,0
Kolkata,22.5726,88.3639,2018-07-30,31.4,172.9,58.0,18.9,1
Kolkata,22.5726,88.3639,2018-08-06,32.5,150.60000000000002,47.2,21.6,0
Kolkata,22.5726,88.3639,2018-08-13,32.9,35.9,12.3,31.4,0
Kolkata,22.5726,88.3639,2018-08-20,32.8,55.3,15.0,24.1,0
Kolkata,22.5726,88.3639,2018-08-27,32.5,41.9,11.5,23.8,0
Kolkata,22.5726,88.3639,2018-09-03,31.5,93.0,34.8,19.9,0
Kolkata,22.5726,88.3639,2018-09-10,32.2,71.5,22.5,33.0,0
Kolkata,22.5726,88.3639,2018-09-17,33.2,39.8,7.1,14.2,0
Kolkata,22.5726,88.3639,2018-09-24,33.6,41.7,17.6,27.9,0
Kolkata,22.5726,88.3639,2018-10-01,33.4,14.6,4.9,11.2,0
Kolkata,22.5726,88.3639,2018-10-08,33.6,0.0,0.0,11.9,0
Kolkata,22.5726,88.3639,2018-10-15,32.5,112.3,40.9,24.6,0
Kolkata,22.5726,88.3639,2018-10-22,32.2,0.0,0.0,10.1,0
Kolkata,22.5726,88.3639,2018-10-29,31.6,15.5,14.4,11.9,0
Kolkata,22.5726,88.3639,2018-11-05,30.6,3.4000000000000004,1.1,18.0,0
Kolkata,22.5726,88.3639,2018-11-12,30.4,26.2,25.4,11.9,0
Kolkata,22.5726,88.3639,2018-11-19,30.2,0.0,0.0,11.4,0
Kolkata,22.5726,88.3639,2018-11-26,29.3,0.0,0.0,13.2,0
Kolkata,22.5726,88.3639,2018-12-03,28.1,0.0,0.0,11.5,0
Kolkata,22.5726,88.3639,2018-12-10,27.0,0.0,0.0,11.5,0
Kolkata,22.5726,88.3639,2018-12-17,28.1,13.5,12.7,14.4,0
Kolkata,22.5726,88.3639,2018-12-24,23.7,8.6,8.6,17.9,0
Kolkata,22.5726,88.3639,2018-12-31,23.7,0.0,0.0,14.4,0
Kolkata,22.5726,88.3639,2019-01-07,25.7,0.0,0.0,13.5,0
Kolkata,22.5726,88.3639,2019-01-14,26.5,0.0,0.0,13.2,0
Kolkata,22.5726,88.3639,2019-01-21,26.7,0.0,0.0,14.4,0
Kolkata,22.5726,88.3639,2019-01-28,29.0,1.2000000000000002,0.8,16.2,0
Kolkata,22.5726,88.3639,2019-02-04,28.8,0.3,0.3,15.3,0
Kolkata,22.5726,88.3639,2019-02-11,30.9,0.7,0.7,16.9,0
Kolkata,22.5726,88.3639,2019-02-18,31.7,2.3,1.2,15.9,0
Kolkata,22.5726,88.3639,2019-02-25,34.7,13.3,13.3,15.6,0
Kolkata,22.5726,88.3639,2019-03-04,27.5,66.4,19.5,23.4,0
Kolkata,22.5726,88.3639,2019-03-11,30.8,24.3,23.6,20.3,0
Kolkata,22.5726,88.3639,2019-03-18,33.0,7.6,6.8,30.2,0
Kolkata,22.5726,88.3639,2019-03-25,34.1,3.2,2.7,15.5,0
Kolkata,22.5726,88.3639,2019-04-01,35.2,10.2,6.0,33.3,0
Kolkata,22.5726,88.3639,2019-04-08,34.9,30.1,15.3,26.1,0
Kolkata,22.5726,88.3639,2019-04-15,35.8,14.9,9.0,18.0,0
Kolkata,22.5726,88.3639,2019-04-22,36.0,16.200000000000003,10.3,25.7,0
Kolkata,22.5726,88.3639,2019-04-29,37.2,9.2,6.2,24.7,0
Kolkata,22.5726,88.3639,2019-05-06,35.5,61.199999999999996,42.3,41.8,0
Kolkata,22.5726,88.3639,2019-05-13,36.9,2.3,2.3,22.7,0
Kolkata,22.5726,88.3639,2019-05-20,37.4,18.599999999999998,10.1,20.9,0
Kolkata,22.5726,88.3639,2019-05-27,37.0,1.5,0.7,24.8,0
Kolkata,22.5726,88.3639,2019-06-03,37.3,29.0,21.9,29.4,0
Kolkata,22.5726,88.3639,2019-06-10,34.7,65.3,28.1,24.2,0
Kolkata,22.5726,88.3639,2019-06-17,36.5,6.9,3.5,22.5,0
Kolkata,22.5726,88.3639,2019-06-24,35.8,36.6,23.8,23.7,0
Kolkata,22.5726,88.3639,2019-07-01,34.4,40.1,14.3,23.5,0
Kolkata,22.5726,88.3639,2019-07-08,32.5,52.2,16.0,22.7,0
Kolkata,22.5726,88.3639,2019-07-15,34.6,55.8,15.6,24.0,0
Kolkata,22.5726,88.3639,2019-07-22,34.7,20.8,9.5,20.2,0
Kolkata,22.5726,88.3639,2019-07-29,34.0,88.3,26.3,28.4,0
Kolkata,22.5726,88.3639,2019-08-05,33.8,33.0,7.8,24.0,0
Kolkata,22.5726,88.3639,2019-08-12,33.0,91.6,28.0,37.0,0
Kolkata,22.5726,88.3639,2019-08-19,31.8,182.9,80.9,25.3,1
Kolkata,22.5726,88.3639,2019-08-26,32.5,51.1,9.1,21.4,0
Kolkata,22.5726,88.3639,2019-09-02,32.8,45.0,24.6,17.7,0
Kolkata,22.5726,88.3639,2019-09-09,31.6,46.3,12.3,24.5,0
Kolkata,22.5726,88.3639,2019-09-16,32.3,95.19999999999999,46.3,20.3,0
Kolkata,22.5726,88.3639,2019-09-23,32.8,26.8,9.3,19.0,0
Kolkata,22.5726,88.3639,2019-09-30,30.5,69.7,25.5,21.9,0
Kolkata,22.5726,88.3639,2019-10-07,31.3,59.2,15.0,13.0,0
Kolkata,22.5726,88.3639,2019-10-14,31.1,29.9,15.2,14.6,0
Kolkata,22.5726,88.3639,2019-10-21,32.0,20.9,6.4,10.2,0
Kolkata,22.5726,88.3639,2019-10-28,30.5,115.4,51.4,17.7,1
Kolkata,22.5726,88.3639,2019-11-04,30.1,0.0,0.0,11.4,0
Kolkata,22.5726,88.3639,2019-11-11,29.6,106.7,89.3,37.7,1
Kolkata,22.5726,88.3639,2019-11-18,29.4,0.0,0.0,9.2,0
Kolkata,22.5726,88.3639,2019-11-25,28.1,0.0,0.0,9.6,0
Kolkata,22.5726,88.3639,2019-12-02,28.9,0.0,0.0,10.4,0
Kolkata,22.5726,88.3639,2019-12-09,28.1,0.0,0.0,12.4,0
Kolkata,22.5726,88.3639,2019-12-16,27.8,0.2,0.1,12.6,0
Kolkata,22.5726,88.3639,2019-12-23,26.0,0.0,0.0,13.3,0
Kolkata,22.5726,88.3639,2019-12-30,24.5,14.1,11.6,13.1,0
Kolkata,22.5726,88.3639,2020-01-06,25.6,15.5,15.2,19.2,0
Kolkata,22.5726,88.3639,2020-01-13,24.0,0.1,0.1,15.3,0
Kolkata,22.5726,88.3639,2020-01-20,27.8,0.5,0.5,12.8,0
Kolkata,22.5726,88.3639,2020-01-27,25.3,0.9,0.9,13.7,0
Kolkata,22.5726,88.3639,2020-02-03,26.5,14.0,7.8,13.0,0
Kolkata,22.5726,88.3639,2020-02-10,26.4,0.2,0.2,13.3,0
Kolkata,22.5726,88.3639,2020-02-17,29.6,0.0,0.0,13.7,0
Kolkata,22.5726,88.3639,2020-02-24,31.0,0.2,0.2,13.1,0
Kolkata,22.5726,88.3639,2020-03-02,31.2,7.0,6.1,17.6,0
Kolkata,22.5726,88.3639,2020-03-09,30.6,15.0,7.0,21.1,0
Kolkata,22.5726,88.3639,2020-03-16,34.0,1.6,0.8,27.1,0
Kolkata,22.5726,88.3639,2020-03-23,35.9,3.2,1.7,18.9,0
Kolkata,22.5726,88.3639,2020-03-30,38.2,0.1,0.1,16.1,0
Kolkata,22.5726,88.3639,2020-04-06,38.5,0.1,0.1,24.5,0
Kolkata,22.5726,88.3639,2020-04-13,39.5,2.2,0.8,20.7,0
Kolkata,22.5726,88.3639,2020-04-20,37.0,19.3,10.4,21.5,0
Kolkata,22.5726,88.3639,2020-04-27,33.8,128.9,33.1,25.2,0
Kolkata,22.5726,88.3639,2020-05-04,31.8,58.9,13.6,12.2,0
Kolkata,22.5726,88.3639,2020-05-11,34.7,29.599999999999998,14.7,23.0,0
Kolkata,22.5726,88.3639,2020-05-18,36.2,0.0,0.0,18.9,0
Kolkata,22.5726,88.3639,2020-05-25,33.0,113.0,99.1,68.9,1
Kolkata,22.5726,88.3639,2020-06-01,32.6,30.9,9.9,33.8,0
Kolkata,22.5726,88.3639,2020-06-08,33.3,51.0,15.4,19.8,0
Kolkata,22.5726,88.3639,2020-06-15,33.4,80.8,22.7,20.5,0
Kolkata,22.5726,88.3639,2020-06-22,32.3,101.6,33.3,25.9,0
Kolkata,22.5726,88.3639,2020-06-29,33.3,32.8,9.9,23.7,0
Kolkata,22.5726,88.3639,2020-07-06,33.5,44.4,11.3,21.4,0
Kolkata,22.5726,88.3639,2020-07-13,32.7,91.1,20.9,23.7,0
Kolkata,22.5726,88.3639,2020-07-20,32.7,38.0,10.3,22.8,0
Kolkata,22.5726,88.3639,2020-07-27,34.5,120.1,32.5,19.1,0
Kolkata,22.5726,88.3639,2020-08-03,33.4,57.4,15.5,17.7,0
Kolkata,22.5726,88.3639,2020-08-10,32.6,89.2,38.3,27.2,0
Kolkata,22.5726,88.3639,2020-08-17,32.9,35.199999999999996,7.3,23.1,0
Kolkata,22.5726,88.3639,2020-08-24,31.6,206.0,74.5,29.8,1
Kolkata,22.5726,88.3639,2020-08-31,33.5,62.800000000000004,34.1,24.3,0
Kolkata,22.5726,88.3639,2020-09-07,32.4,41.1,15.6,17.8,0
Kolkata,22.5726,88.3639,2020-09-14,32.7,66.6,17.5,15.6,0
Kolkata,22.5726,88.3639,2020-09-21,33.3,62.8,22.1,20.7,0
Kolkata,22.5726,88.3639,2020-09-28,32.3,86.0,33.4,21.7,0
Kolkata,22.5726,88.3639,2020-10-05,31.8,94.39999999999999,19.9,16.6,0
Kolkata,22.5726,88.3639,2020-10-12,33.2,37.5,14.8,14.4,0
Kolkata,22.5726,88.3639,2020-10-19,32.8,8.2,3.5,15.4,0
Kolkata,22.5726,88.3639,2020-10-26,32.8,38.9,17.8,27.1,0
Kolkata,22.5726,88.3639,2020-11-02,31.6,3.0,2.4,15.9,0
Kolkata,22.5726,88.3639,2020-11-09,31.0,0.2,0.2,12.9,0
Kolkata,22.5726,88.3639,2020-11-16,31.6,0.0,0.0,12.5,0
Kolkata,22.5726,88.3639,2020-11-23,31.1,2.4000000000000004,1.0,14.0,0
Kolkata,22.5726,88.3639,2020-11-30,28.5,0.0,0.0,15.2,0
Kolkata,22.5726,88.3639,2020-12-07,29.2,0.0,0.0,10.2,0
Kolkata,22.5726,88.3639,2020-12-14,28.5,0.0,0.0,12.0,0
Kolkata,22.5726,88.3639,2020-12-21,27.3,0.0,0.0,13.5,0
Kolkata,22.5726,88.3639,2020-12-28,25.5,0.0,0.0,11.2,0
Kolkata,22.5726,88.3639,2021-01-04,27.5,0.0,0.0,15.5,0
Kolkata,22.5726,88.3639,2021-01-11,30.5,0.0,0.0,11.9,0
Kolkata,22.5726,88.3639,2021-01-18,27.5,0.0,0.0,12.9,0
Kolkata,22.5726,88.3639,2021-01-25,28.0,0.2,0.2,15.2,0
Kolkata,22.5726,88.3639,2021-02-01,26.2,0.0,0.0,13.5,0
Kolkata,22.5726,88.3639,2021-02-08,28.1,0.0,0.0,17.3,0
Kolkata,22.5726,88.3639,2021-02-15,30.2,0.0,0.0,11.9,0
Kolkata,22.5726,88.3639,2021-02-22,31.0,0.0,0.0,13.5,0
Kolkata,22.5726,88.3639,2021-03-01,35.7,0.0,0.0,15.0,0
Kolkata,22.5726,88.3639,2021-03-08,35.5,0.0,0.0,19.9,0
Kolkata,22.5726,88.3639,2021-03-15,36.3,5.8,4.6,17.6,0
Kolkata,22.5726,88.3639,2021-03-22,36.5,0.0,0.0,12.9,0
Kolkata,22.5726,88.3639,2021-03-29,37.4,0.1,0.1,22.5,0
Kolkata,22.5726,88.3639,2021-04-05,40.8,1.3,1.3,22.2,0
Kolkata,22.5726,88.3639,2021-04-12,37.7,7.5,2.8,21.9,0
Kolkata,22.5726,88.3639,2021-04-19,39.2,2.5,0.9,18.4,0
Kolkata,22.5726,88.3639,2021-04-26,38.9,19.0,11.6,22.4,0
Kolkata,22.5726,88.3639,2021-05-03,38.0,6.0,2.8,19.4,0
Kolkata,22.5726,88.3639,2021-05-10,34.2,30.700000000000003,12.3,17.9,0
Kolkata,22.5726,88.3639,2021-05-17,38.0,30.5,23.2,19.6,0
Kolkata,22.5726,88.3639,2021-05-24,38.5,11.9,8.3,20.9,0
Kolkata,22.5726,88.3639,2021-05-31,33.7,69.8,24.4,39.6,0
Kolkata,22.5726,88.3639,2021-06-07,36.3,30.799999999999997,7.0,19.6,0
Kolkata,22.5726,88.3639,2021-06-14,34.8,88.4,26.3,17.8,0
Kolkata,22.5726,88.3639,2021-06-21,29.9,146.7,25.7,15.7,0
Kolkata,22.5726,88.3639,2021-06-28,32.0,46.5,15.3,20.7,0
Kolkata,22.5726,88.3639,2021-07-05,33.4,67.2,15.9,23.7,0
Kolkata,22.5726,88.3639,2021-07-12,32.8,87.9,27.3,16.2,0
Kolkata,22.5726,88.3639,2021-07-19,33.7,22.6,6.5,20.1,0
Kolkata,22.5726,88.3639,2021-07-26,32.6,85.8,17.1,21.7,0
Kolkata,22.5726,88.3639,2021-08-02,32.1,189.0,70.2,24.5,1
Kolkata,22.5726,88.3639,2021-08-09,32.6,146.4,36.2,16.4,0
Kolkata,22.5726,88.3639,2021-08-16,33.0,63.9,15.6,16.3,0
Kolkata,22.5726,88.3639,2021-08-23,33.0,57.3,19.3,22.4,0
Kolkata,22.5726,88.3639,2021-08-30,32.8,96.3,30.6,17.9,0
Kolkata,22.5726,88.3639,2021-09-06,32.8,25.1,7.8,24.9,0
Kolkata,22.5726,88.3639,2021-09-13,33.0,86.8,23.2,30.9,0
Kolkata,22.5726,88.3639,2021-09-20,31.6,196.1,60.4,23.7,1
Kolkata,22.5726,88.3639,2021-09-27,32.7,90.8,35.5,18.8,0
Kolkata,22.5726,88.3639,2021-10-04,32.3,104.4,49.4,32.4,0
Kolkata,22.5726,88.3639,2021-10-11,32.5,27.4,17.2,10.6,0
Kolkata,22.5726,88.3639,2021-10-18,33.5,120.4,55.6,22.7,1
Kolkata,22.5726,88.3639,2021-10-25,31.4,50.6,36.5,17.0,0
Kolkata,22.5726,88.3639,2021-11-01,30.2,7.3999999999999995,5.3,16.5,0
Kolkata,22.5726,88.3639,2021-11-08,29.2,0.0,0.0,12.3,0
Kolkata,22.5726,88.3639,2021-11-15,30.0,43.1,35.1,11.2,0
Kolkata,22.5726,88.3639,2021-11-22,29.9,0.0,0.0,13.0,0
Kolkata,22.5726,88.3639,2021-11-29,29.9,0.8,0.8,11.3,0
Kolkata,22.5726,88.3639,2021-12-06,28.6,98.0,37.9,22.8,0
Kolkata,22.5726,88.3639,2021-12-13,27.4,0.2,0.2,14.2,0
Kolkata,22.5726,88.3639,2021-12-20,25.4,0.0,0.0,13.6,0
Kolkata,22.5726,88.3639,2021-12-27,25.6,0.5,0.5,10.2,0
Kolkata,22.5726,88.3639,2022-01-03,25.9,2.5,2.5,15.8,0
Kolkata,22.5726,88.3639,2022-01-10,27.5,0.0,0.0,10.9,0
Kolkata,22.5726,88.3639,2022-01-17,27.6,19.3,12.9,16.0,0
Kolkata,22.5726,88.3639,2022-01-24,25.3,13.4,8.9,15.3,0
Kolkata,22.5726,88.3639,2022-01-31,26.0,1.6,1.6,19.8,0
Kolkata,22.5726,88.3639,2022-02-07,28.5,14.9,14.9,18.6,0
Kolkata,22.5726,88.3639,2022-02-14,27.5,1.1,0.9,16.0,0
Kolkata,22.5726,88.3639,2022-02-21,29.5,4.5,4.5,21.5,0
Kolkata,22.5726,88.3639,2022-02-28,32.2,8.600000000000001,7.4,28.4,0
Kolkata,22.5726,88.3639,2022-03-07,33.7,0.0,0.0,14.0,0
Kolkata,22.5726,88.3639,2022-03-14,34.2,0.0,0.0,14.5,0
Kolkata,22.5726,88.3639,2022-03-21,37.7,0.0,0.0,18.2,0
Kolkata,22.5726,88.3639,2022-03-28,37.8,8.6,6.5,22.5,0
Kolkata,22.5726,88.3639,2022-04-04,35.8,1.1,0.4,28.3,0
Kolkata,22.5726,88.3639,2022-04-11,36.5,0.0,0.0,25.4,0
Kolkata,22.5726,88.3639,2022-04-18,39.8,9.299999999999999,8.2,24.0,0
Kolkata,22.5726,88.3639,2022-04-25,40.0,16.7,6.7,23.8,0
Kolkata,22.5726,88.3639,2022-05-02,39.8,8.5,4.4,24.9,0
Kolkata,22.5726,88.3639,2022-05-09,33.8,56.8,26.3,18.6,0
Kolkata,22.5726,88.3639,2022-05-16,35.0,35.9,25.0,29.9,0
Kolkata,22.5726,88.3639,2022-05-23,37.0,30.3,15.2,26.6,0
Kolkata,22.5726,88.3639,2022-05-30,37.8,44.8,19.3,20.7,0
Kolkata,22.5726,88.3639,2022-06-06,35.7,37.5,24.6,24.1,0
Kolkata,22.5726,88.3639,2022-06-13,38.5,13.4,12.9,25.5,0
Kolkata,22.5726,88.3639,2022-06-20,35.6,122.6,55.3,25.3,1
Kolkata,22.5726,88.3639,2022-06-27,32.2,79.8,35.1,21.2,0
Kolkata,22.5726,88.3639,2022-07-04,32.7,78.3,32.3,18.4,0
Kolkata,22.5726,88.3639,2022-07-11,32.3,24.6,6.6,23.1,0
Kolkata,22.5726,88.3639,2022-07-18,32.6,26.7,5.7,28.6,0
Kolkata,22.5726,88.3639,2022-07-25,33.2,57.099999999999994,16.2,20.0,0
Kolkata,22.5726,88.3639,2022-08-01,33.4,67.1,22.7,15.9,0
Kolkata,22.5726,88.3639,2022-08-08,32.2,30.9,7.9,25.9,0
Kolkata,22.5726,88.3639,2022-08-15,31.9,134.4,47.8,31.5,0
Kolkata,22.5726,88.3639,2022-08-22,33.0,53.2,25.3,37.2,0
Kolkata,22.5726,88.3639,2022-08-29,32.8,85.3,32.1,19.0,0
Kolkata,22.5726,88.3639,2022-09-05,33.8,63.9,18.7,15.6,0
Kolkata,22.5726,88.3639,2022-09-12,33.0,114.7,31.0,23.2,0
Kolkata,22.5726,88.3639,2022-09-19,31.7,144.5,46.6,21.3,0
Kolkata,22.5726,88.3639,2022-09-26,31.5,45.0,12.1,23.6,0
Kolkata,22.5726,88.3639,2022-10-03,33.1,55.0,16.3,14.2,0
Kolkata,22.5726,88.3639,2022-10-10,32.2,48.8,10.3,19.8,0
Kolkata,22.5726,88.3639,2022-10-17,31.5,43.3,15.3,18.8,0
Kolkata,22.5726,88.3639,2022-10-24,31.4,50.1,50.0,26.9,0
Kolkata,22.5726,88.3639,2022-10-31,30.5,0.0,0.0,17.3,0
Kolkata,22.5726,88.3639,2022-11-07,30.8,0.0,0.0,10.5,0
Kolkata,22.5726,88.3639,2022-11-14,29.6,0.0,0.0,12.6,0
Kolkata,22.5726,88.3639,2022-11-21,28.6,0.0,0.0,17.4,0
Kolkata,22.5726,88.3639,2022-11-28,28.1,0.0,0.0,13.4,0
Kolkata,22.5726,88.3639,2022-12-05,29.0,0.0,0.0,14.1,0
Kolkata,22.5726,88.3639,2022-12-12,28.1,0.0,0.0,11.9,0
Kolkata,22.5726,88.3639,2022-12-19,28.8,0.0,0.0,11.9,0
Kolkata,22.5726,88.3639,2022-12-26,28.4,0.0,0.0,11.5,0
Kolkata,22.5726,88.3639,2023-01-02,27.6,0.2,0.2,14.5,0
Kolkata,22.5726,88.3639,2023-01-09,25.1,0.0,0.0,15.8,0
Kolkata,22.5726,88.3639,2023-01-16,27.7,0.0,0.0,14.5,0
Kolkata,22.5726,88.3639,2023-01-23,29.5,0.6,0.6,10.2,0
Kolkata,22.5726,88.3639,2023-01-30,30.7,0.0,0.0,11.9,0
Kolkata,22.5726,88.3639,2023-02-06,29.6,0.0,0.0,16.6,0
Kolkata,22.5726,88.3639,2023-02-13,32.7,0.0,0.0,16.7,0
Kolkata,22.5726,88.3639,2023-02-20,31.5,0.7999999999999999,0.7,14.5,0
Kolkata,22.5726,88.3639,2023-02-27,33.6,0.0,0.0,20.6,0
Kolkata,22.5726,88.3639,2023-03-06,34.9,0.0,0.0,18.2,0
Kolkata,22.5726,88.3639,2023-03-13,35.8,0.1,0.1,13.1,0
Kolkata,22.5726,88.3639,2023-03-20,34.1,65.4,25.1,25.1,0
Kolkata,22.5726,88.3639,2023-03-27,32.7,31.8,15.9,19.7,0
Kolkata,22.5726,88.3639,2023-04-03,34.2,11.6,6.2,18.2,0
Kolkata,22.5726,88.3639,2023-04-10,38.7,0.3,0.3,19.9,0
Kolkata,22.5726,88.3639,2023-04-17,42.5,0.9,0.9,21.0,0
Kolkata,22.5726,88.3639,2023-04-24,41.7,17.700000000000003,13.3,28.7,0
Kolkata,22.5726,88.3639,2023-05-01,34.7,37.1,13.5,26.3,0
Kolkata,22.5726,88.3639,2023-05-08,39.0,29.2,23.7,16.5,0
Kolkata,22.5726,88.3639,2023-05-15,39.2,8.0,5.2,26.6,0
Kolkata,22.5726,88.3639,2023-05-22,37.7,64.3,33.4,27.6,0
Kolkata,22.5726,88.3639,2023-05-29,38.7,39.4,20.0,26.7,0
Kolkata,22.5726,88.3639,2023-06-05,39.3,48.099999999999994,20.9,21.2,0
Kolkata,22.5726,88.3639,2023-06-12,39.8,56.8,30.4,23.8,0
Kolkata,22.5726,88.3639,2023-06-19,38.6,30.8,12.0,26.0,0
Kolkata,22.5726,88.3639,2023-06-26,34.5,114.0,34.0,24.4,0
Kolkata,22.5726,88.3639,2023-07-03,33.5,100.39999999999999,24.5,24.3,0
Kolkata,22.5726,88.3639,2023-07-10,33.5,52.2,14.4,20.2,0
Kolkata,22.5726,88.3639,2023-07-17,33.1,87.0,30.3,19.1,0
Kolkata,22.5726,88.3639,2023-07-24,32.8,33.9,10.9,24.6,0
Kolkata,22.5726,88.3639,2023-07-31,33.2,63.400000000000006,26.1,23.9,0
Kolkata,22.5726,88.3639,2023-08-07,33.7,113.5,41.7,32.1,0
Kolkata,22.5726,88.3639,2023-08-14,33.4,121.4,37.9,19.0,0
Kolkata,22.5726,88.3639,2023-08-21,33.3,41.900000000000006,17.1,27.3,0
Kolkata,22.5726,88.3639,2023-08-28,33.9,119.0,35.1,17.7,0
Kolkata,22.5726,88.3639,2023-09-04,34.1,72.2,23.4,18.0,0
Kolkata,22.5726,88.3639,2023-09-11,32.5,73.2,21.7,19.8,0
Kolkata,22.5726,88.3639,2023-09-18,33.5,55.599999999999994,16.9,28.0,0
Kolkata,22.5726,88.3639,2023-09-25,31.4,98.3,23.1,24.1,0
Kolkata,22.5726,88.3639,2023-10-02,32.9,102.7,39.5,20.8,0
Kolkata,22.5726,88.3639,2023-10-09,33.2,129.7,44.6,21.3,0
Kolkata,22.5726,88.3639,2023-10-16,33.7,0.6,0.6,13.3,0
Kolkata,22.5726,88.3639,2023-10-23,31.8,9.7,9.5,15.0,0
Kolkata,22.5726,88.3639,2023-10-30,31.1,2.0,1.3,19.6,0
Kolkata,22.5726,88.3639,2023-11-06,32.0,9.8,4.6,12.9,0
Kolkata,22.5726,88.3639,2023-11-13,30.7,0.0,0.0,13.1,0
Kolkata,22.5726,88.3639,2023-11-20,30.3,14.7,13.1,29.2,0
Kolkata,22.5726,88.3639,2023-11-27,29.9,0.0,0.0,12.4,0
Kolkata,22.5726,88.3639,2023-12-04,30.2,0.0,0.0,14.1,0
Kolkata,22.5726,88.3639,2023-12-11,27.7,24.0,22.3,16.7,0
Kolkata,22.5726,88.3639,2023-12-18,25.1,0.0,0.0,12.9,0
Kolkata,22.5726,88.3639,2023-12-25,26.2,0.0,0.0,11.4,0
Kolkata,22.5726,88.3639,2024-01-01,26.7,0.0,0.0,13.1,0
Pune,18.5204,73.8567,2014-01-06,29.9,0.0,0.0,13.8,0
Pune,18.5204,73.8567,2014-01-13,30.3,0.0,0.0,16.8,0
Pune,18.5204,73.8567,2014-01-20,30.5,0.0,0.0,18.0,0
Pune,18.5204,73.8567,2014-01-27,29.9,0.4,0.2,19.0,0
Pune,18.5204,73.8567,2014-02-03,30.6,0.0,0.0,15.0,0
Pune,18.5204,73.8567,2014-02-10,32.6,0.0,0.0,15.6,0
Pune,18.5204,73.8567,2014-02-17,30.0,0.0,0.0,23.7,0
Pune,18.5204,73.8567,2014-02-24,33.0,0.30000000000000004,0.2,18.1,0
Pune,18.5204,73.8567,2014-03-03,33.6,1.5999999999999999,1.2,19.2,0
Pune,18.5204,73.8567,2014-03-10,33.0,4.2,3.1,17.4,0
Pune,18.5204,73.8567,2014-03-17,34.6,0.7999999999999999,0.7,16.3,0
Pune,18.5204,73.8567,2014-03-24,36.8,0.0,0.0,19.1,0
Pune,18.5204,73.8567,2014-03-31,38.3,0.4,0.3,17.7,0
Pune,18.5204,73.8567,2014-04-07,39.1,0.0,0.0,17.7,0
Pune,18.5204,73.8567,2014-04-14,37.6,0.0,0.0,18.9,0
Pune,18.5204,73.8567,2014-04-21,37.8,11.2,3.6,16.2,0
Pune,18.5204,73.8567,2014-04-28,39.7,1.2000000000000002,1.1,17.8,0
Pune,18.5204,73.8567,2014-05-05,39.5,5.5,1.9,17.7,0
Pune,18.5204,73.8567,2014-05-12,37.7,8.1,5.0,20.9,0
Pune,18.5204,73.8567,2014-05-19,36.6,7.199999999999999,3.6,18.2,0
Pune,18.5204,73.8567,2014-05-26,38.1,3.6999999999999997,2.4,18.3,0
Pune,18.5204,73.8567,2014-06-02,37.8,14.5,8.3,17.3,0
Pune,18.5204,73.8567,2014-06-09,35.5,8.3,3.2,18.0,0
Pune,18.5204,73.8567,2014-06-16,35.8,14.4,6.9,23.5,0
Pune,18.5204,73.8567,2014-06-23,30.6,18.5,4.1,27.3,0
Pune,18.5204,73.8567,2014-06-30,32.4,3.5999999999999996,1.9,25.7,0
Pune,18.5204,73.8567,2014-07-07,31.2,15.7,3.2,19.7,0
Pune,18.5204,73.8567,2014-07-14,29.3,62.8,16.9,22.5,0
Pune,18.5204,73.8567,2014-07-21,26.0,98.5,22.9,27.4,0
Pune,18.5204,73.8567,2014-07-28,26.5,109.1,34.2,23.6,0
Pune,18.5204,73.8567,2014-08-04,26.6,206.3,63.6,27.1,1
Pune,18.5204,73.8567,2014-08-11,26.6,58.0,18.9,25.4,0
Pune,18.5204,73.8567,2014-08-18,27.8,26.599999999999998,6.3,22.2,0
Pune,18.5204,73.8567,2014-08-25,29.9,102.2,34.3,10.4,0
Pune,18.5204,73.8567,2014-09-01,27.8,149.7,28.3,21.6,0
Pune,18.5204,73.8567,2014-09-08,26.2,51.5,12.0,26.7,0
Pune,18.5204,73.8567,2014-09-15,28.4,16.6,5.7,22.1,0
Pune,18.5204,73.8567,2014-09-22,28.5,12.399999999999999,4.8,14.9,0
Pune,18.5204,73.8567,2014-09-29,31.3,11.1,7.0,15.9,0
Pune,18.5204,73.8567,2014-10-06,32.2,6.5,3.2,16.2,0
Pune,18.5204,73.8567,2014-10-13,32.1,16.8,4.7,14.0,0
Pune,18.5204,73.8567,2014-10-20,33.6,6.4,2.7,14.6,0
Pune,18.5204,73.8567,2014-10-27,32.3,19.5,12.6,16.8,0
Pune,18.5204,73.8567,2014-11-03,32.2,0.0,0.0,18.9,0
Pune,18.5204,73.8567,2014-11-10,32.0,0.0,0.0,16.3,0
Pune,18.5204,73.8567,2014-11-17,32.2,30.0,16.3,20.3,0
Pune,18.5204,73.8567,2014-11-24,29.9,0.9,0.8,15.1,0
Pune,18.5204,73.8567,2014-12-01,29.8,0.0,0.0,15.1,0
Pune,18.5204,73.8567,2014-12-08,30.4,0.0,0.0,17.6,0
Pune,18.5204,73.8567,2014-12-15,31.2,15.4,6.2,11.9,0
Pune,18.5204,73.8567,2014-12-22,28.3,0.0,0.0,15.3,0
Pune,18.5204,73.8567,2014-12-29,28.7,0.0,0.0,14.8,0
Pune,18.5204,73.8567,2015-01-05,28.8,0.9,0.6,15.8,0
Pune,18.5204,73.8567,2015-01-12,28.9,0.0,0.0,13.7,0
Pune,18.5204,73.8567,2015-01-19,29.1,0.0,0.0,11.0,0
Pune,18.5204,73.8567,2015-01-26,29.2,0.0,0.0,14.0,0
Pune,18.5204,73.8567,2015-02-02,31.5,0.0,0.0,15.3,0
Pune,18.5204,73.8567,2015-02-09,30.8,0.0,0.0,16.5,0
Pune,18.5204,73.8567,2015-02-16,33.8,1.1,1.1,15.0,0
Pune,18.5204,73.8567,2015-02-23,33.9,0.0,0.0,16.0,0
Pune,18.5204,73.8567,2015-03-02,33.6,51.2,30.7,19.2,0
Pune,18.5204,73.8567,2015-03-09,31.6,0.0,0.0,11.2,0
Pune,18.5204,73.8567,2015-03-16,32.8,8.1,2.4,17.2,0
Pune,18.5204,73.8567,2015-03-23,36.4,0.30000000000000004,0.2,16.4,0
Pune,18.5204,73.8567,2015-03-30,37.5,5.0,2.0,14.7,0
Pune,18.5204,73.8567,2015-04-06,36.6,0.0,0.0,18.2,0
Pune,18.5204,73.8567,2015-04-13,37.3,6.2,4.4,20.1,0
Pune,18.5204,73.8567,2015-04-20,39.6,0.0,0.0,16.7,0
Pune,18.5204,73.8567,2015-04-27,38.6,4.5,2.9,19.6,0
Pune,18.5204,73.8567,2015-05-04,39.8,0.4,0.3,20.3,0
Pune,18.5204,73.8567,2015-05-11,39.2,6.5,2.0,16.6,0
Pune,18.5204,73.8567,2015-05-18,38.9,8.8,3.2,20.3,0
Pune,18.5204,73.8567,2015-05-25,38.2,0.2,0.1,20.0,0
Pune,18.5204,73.8567,2015-06-01,37.6,4.5,1.9,19.2,0
Pune,18.5204,73.8567,2015-06-08,37.2,29.9,10.0,17.0,0
Pune,18.5204,73.8567,2015-06-15,33.1,69.4,22.5,16.3,0
Pune,18.5204,73.8567,2015-06-22,28.4,91.5,26.6,27.6,0
Pune,18.5204,73.8567,2015-06-29,28.9,59.1,24.1,31.1,0
Pune,18.5204,73.8567,2015-07-06,29.3,6.8,3.3,27.6,0
Pune,18.5204,73.8567,2015-07-13,29.0,24.8,5.5,26.4,0
Pune,18.5204,73.8567,2015-07-20,29.8,24.1,5.5,26.6,0
Pune,18.5204,73.8567,2015-07-27,27.6,50.1,12.0,26.0,0
Pune,18.5204,73.8567,2015-08-03,26.9,34.8,9.3,26.5,0
Pune,18.5204,73.8567,2015-08-10,27.2,43.699999999999996,12.0,23.0,0
Pune,18.5204,73.8567,2015-08-17,27.5,23.6,11.3,18.1,0
Pune,18.5204,73.8567,2015-08-24,30.4,13.1,3.9,21.3,0
Pune,18.5204,73.8567,2015-08-31,28.0,13.7,2.5,18.0,0
Pune,18.5204,73.8567,2015-09-07,31.8,2.2,1.3,17.7,0
Pune,18.5204,73.8567,2015-09-14,30.2,58.3,14.0,14.0,0
Pune,18.5204,73.8567,2015-09-21,28.4,42.4,14.0,22.3,0
Pune,18.5204,73.8567,2015-09-28,31.9,2.1,1.2,15.5,0
Pune,18.5204,73.8567,2015-10-05,33.0,74.7,22.6,19.5,0
Pune,18.5204,73.8567,2015-10-12,31.8,23.700000000000003,18.3,16.7,0
Pune,18.5204,73.8567,2015-10-19,32.7,1.0,1.0,16.8,0
Pune,18.5204,73.8567,2015-10-26,33.6,0.0,0.0,12.7,0
Pune,18.5204,73.8567,2015-11-02,32.9,0.0,0.0,16.9,0
Pune,18.5204,73.8567,2015-11-09,33.0,0.2,0.2,14.8,0
Pune,18.5204,73.8567,2015-11-16,33.2,0.0,0.0,23.1,0
Pune,18.5204,73.8567,2015-11-23,32.2,36.0,21.1,22.0,0
Pune,18.5204,73.8567,2015-11-30,31.0,5.6,3.1,12.4,0
Pune,18.5204,73.8567,2015-12-07,31.2,0.0,0.0,18.0,0
Pune,18.5204,73.8567,2015-12-14,32.5,0.0,0.0,13.1,0
Pune,18.5204,73.8567,2015-12-21,31.9,0.0,0.0,16.6,0
Pune,18.5204,73.8567,2015-12-28,31.1,0.0,0.0,20.3,0
Pune,18.5204,73.8567,2016-01-04,32.1,0.0,0.0,16.6,0
Pune,18.5204,73.8567,2016-01-11,30.2,0.0,0.0,14.7,0
Pune,18.5204,73.8567,2016-01-18,29.8,0.1,0.1,15.1,0
Pune,18.5204,73.8567,2016-01-25,30.6,0.0,0.0,15.6,0
Pune,18.5204,73.8567,2016-02-01,33.7,0.0,0.0,14.0,0
Pune,18.5204,73.8567,2016-02-08,33.7,0.0,0.0,15.7,0
Pune,18.5204,73.8567,2016-02-15,33.0,0.0,0.0,17.0,0
Pune,18.5204,73.8567,2016-02-22,35.5,0.2,0.2,17.1,0
Pune,18.5204,73.8567,2016-02-29,36.3,3.7,3.2,17.3,0
Pune,18.5204,73.8567,2016-03-07,34.2,8.9,3.4,17.1,0
Pune,18.5204,73.8567,2016-03-14,36.6,0.0,0.0,18.4,0
Pune,18.5204,73.8567,2016-03-21,37.9,0.0,0.0,18.6,0
Pune,18.5204,73.8567,2016-03-28,39.0,2.0,2.0,15.6,0
Pune,18.5204,73.8567,2016-04-04,39.2,0.9,0.9,18.2,0
Pune,18.5204,73.8567,2016-04-11,38.8,7.5,4.0,18.1,0
Pune,18.5204,73.8567,2016-04-18,40.5,0.0,0.0,19.4,0
Pune,18.5204,73.8567,2016-04-25,39.4,2.1,2.0,21.3,0
Pune,18.5204,73.8567,2016-05-02,40.7,0.7,0.5,18.6,0
Pune,18.5204,73.8567,2016-05-09,40.1,6.4,4.8,18.5,0
Pune,18.5204,73.8567,2016-05-16,40.0,9.0,2.5,17.2,0
Pune,18.5204,73.8567,2016-05-23,40.4,1.1,1.1,23.4,0
Pune,18.5204,73.8567,2016-05-30,35.0,4.6000000000000005,1.3,21.3,0
Pune,18.5204,73.8567,2016-06-06,36.9,8.8,4.0,19.2,0
Pune,18.5204,73.8567,2016-06-13,34.5,11.1,3.6,24.1,0
Pune,18.5204,73.8567,2016-06-20,31.7,44.9,25.9,24.8,0
Pune,18.5204,73.8567,2016-06-27,28.8,105.3,61.7,17.2,1
Pune,18.5204,73.8567,2016-07-04,26.3,101.3,26.0,22.1,0
Pune,18.5204,73.8567,2016-07-11,26.8,87.8,26.0,25.6,0
Pune,18.5204,73.8567,2016-07-18,27.4,29.3,8.6,22.3,0
Pune,18.5204,73.8567,2016-07-25,27.0,50.5,12.0,17.1,0
Pune,18.5204,73.8567,2016-08-01,25.9,97.6,36.3,25.6,0
Pune,18.5204,73.8567,2016-08-08,25.6,171.8,54.9,26.6,1
Pune,18.5204,73.8567,2016-08-15,26.3,34.7,9.6,26.0,0
Pune,18.5204,73.8567,2016-08-22,26.9,15.3,3.8,27.8,0
Pune,18.5204,73.8567,2016-08-29,27.5,28.799999999999997,16.9,18.8,0
Pune,18.5204,73.8567,2016-09-05,27.0,10.1,4.9,19.6,0
Pune,18.5204,73.8567,2016-09-12,27.9,8.6,1.9,18.4,0
Pune,18.5204,73.8567,2016-09-19,26.2,323.8,179.1,31.2,1
Pune,18.5204,73.8567,2016-09-26,27.1,79.8,28.5,20.9,0
Pune,18.5204,73.8567,2016-10-03,28.5,51.7,29.9,15.8,0
Pune,18.5204,73.8567,2016-10-10,28.4,14.600000000000001,5.9,21.0,0
Pune,18.5204,73.8567,2016-10-17,29.1,6.0,2.9,8.7,0
Pune,18.5204,73.8567,2016-10-24,29.5,0.0,0.0,10.2,0
Pune,18.5204,73.8567,2016-10-31,29.9,0.0,0.0,18.6,0
Pune,18.5204,73.8567,2016-11-07,29.7,0.0,0.0,14.4,0
Pune,18.5204,73.8567,2016-11-14,30.2,0.0,0.0,14.2,0
Pune,18.5204,73.8567,2016-11-21,30.3,0.2,0.2,15.1,0
Pune,18.5204,73.8567,2016-11-28,31.6,0.0,0.0,15.5,0
Pune,18.5204,73.8567,2016-12-05,31.3,0.0,0.0,21.2,0
Pune,18.5204,73.8567,2016-12-12,29.6,0.0,0.0,16.9,0
Pune,18.5204,73.8567,2016-12-19,30.0,0.0,0.0,19.4,0
Pune,18.5204,73.8567,2016-12-26,31.0,0.0,0.0,13.0,0
Pune,18.5204,73.8567,2017-01-02,29.8,0.0,0.0,13.0,0
Pune,18.5204,73.8567,2017-01-09,29.0,0.0,0.0,18.2,0
Pune,18.5204,73.8567,2017-01-16,29.0,0.0,0.0,15.7,0
Pune,18.5204,73.8567,2017-01-23,31.1,0.0,0.0,16.8,0
Pune,18.5204,73.8567,2017-01-30,31.0,0.0,0.0,16.4,0
Pune,18.5204,73.8567,2017-02-06,31.9,0.0,0.0,20.9,0
Pune,18.5204,73.8567,2017-02-13,31.6,0.0,0.0,17.2,0
Pune,18.5204,73.8567,2017-02-20,34.1,0.0,0.0,24.5,0
Pune,18.5204,73.8567,2017-02-27,34.2,0.0,0.0,19.4,0
Pune,18.5204,73.8567,2017-03-06,34.2,0.0,0.0,18.9,0
Pune,18.5204,73.8567,2017-03-13,33.2,0.0,0.0,23.4,0
Pune,18.5204,73.8567,2017-03-20,34.5,0.0,0.0,20.4,0
Pune,18.5204,73.8567,2017-03-27,39.2,0.0,0.0,17.8,0
Pune,18.5204,73.8567,2017-04-03,39.5,0.0,0.0,25.7,0
Pune,18.5204,73.8567,2017-04-10,39.3,0.0,0.0,21.9,0
Pune,18.5204,73.8567,2017-04-17,39.7,0.1,0.1,25.7,0
Pune,18.5204,73.8567,2017-04-24,39.9,0.1,0.1,24.6,0
Pune,18.5204,73.8567,2017-05-01,37.8,0.0,0.0,24.5,0
Pune,18.5204,73.8567,2017-05-08,39.7,3.8000000000000003,3.1,28.6,0
Pune,18.5204,73.8567,2017-05-15,38.5,2.2,0.9,25.8,0
Pune,18.5204,73.8567,2017-05-22,37.0,2.3,1.2,23.0,0
Pune,18.5204,73.8567,2017-05-29,38.4,3.7,1.7,28.6,0
Pune,18.5204,73.8567,2017-06-05,35.3,45.7,20.2,31.4,0
Pune,18.5204,73.8567,2017-06-12,30.9,78.5,35.9,23.5,0
Pune,18.5204,73.8567,2017-06-19,30.0,21.9,6.6,23.5,0
Pune,18.5204,73.8567,2017-06-26,29.4,12.7,3.5,28.9,0
Pune,18.5204,73.8567,2017-07-03,27.0,52.4,14.0,32.2,0
Pune,18.5204,73.8567,2017-07-10,28.8,8.5,2.2,30.8,0
Pune,18.5204,73.8567,2017-07-17,28.0,40.7,16.4,34.2,0
Pune,18.5204,73.8567,2017-07-24,26.7,72.5,23.6,34.4,0
Pune,18.5204,73.8567,2017-07-31,27.0,16.0,4.6,31.5,0
Pune,18.5204,73.8567,2017-08-07,27.5,5.6000000000000005,1.3,31.0,0
Pune,18.5204,73.8567,2017-08-14,27.2,7.7,1.9,25.2,0
Pune,18.5204,73.8567,2017-08-21,27.4,116.10000000000001,85.4,28.8,1
Pune,18.5204,73.8567,2017-08-28,27.4,46.5,23.2,24.6,0
Pune,18.5204,73.8567,2017-09-04,28.9,18.7,8.6,29.0,0
Pune,18.5204,73.8567,2017-09-11,30.6,33.3,15.5,19.3,0
Pune,18.5204,73.8567,2017-09-18,30.8,34.1,9.4,24.9,0
Pune,18.5204,73.8567,2017-09-25,28.8,187.79999999999998,114.3,32.7,1
Pune,18.5204,73.8567,2017-10-02,30.5,14.4,4.8,15.3,0
Pune,18.5204,73.8567,2017-10-09,31.0,43.5,18.3,15.0,0
Pune,18.5204,73.8567,2017-10-16,29.5,55.6,12.6,13.6,0
Pune,18.5204,73.8567,2017-10-23,31.0,2.2,1.3,12.6,0
Pune,18.5204,73.8567,2017-10-30,29.8,0.2,0.2,14.4,0
Pune,18.5204,73.8567,2017-11-06,29.9,0.0,0.0,23.4,0
Pune,18.5204,73.8567,2017-11-13,29.5,0.0,0.0,16.2,0
Pune,18.5204,73.8567,2017-11-20,29.2,0.0,0.0,12.8,0
Pune,18.5204,73.8567,2017-11-27,30.4,1.7000000000000002,1.1,11.9,0
Pune,18.5204,73.8567,2017-12-04,29.2,0.9,0.9,18.8,0
Pune,18.5204,73.8567,2017-12-11,29.6,6.0,5.3,30.1,0
Pune,18.5204,73.8567,2017-12-18,29.2,0.0,0.0,21.5,0
Pune,18.5204,73.8567,2017-12-25,29.4,0.0,0.0,20.5,0
Pune,18.5204,73.8567,2018-01-01,28.5,0.0,0.0,12.9,0
Pune,18.5204,73.8567,2018-01-08,28.5,0.0,0.0,14.3,0
Pune,18.5204,73.8567,2018-01-15,31.2,0.1,0.1,17.5,0
Pune,18.5204,73.8567,2018-01-22,30.2,0.0,0.0,14.3,0
Pune,18.5204,73.8567,2018-01-29,29.9,0.0,0.0,16.9,0
Pune,18.5204,73.8567,2018-02-05,31.4,0.0,0.0,14.4,0
Pune,18.5204,73.8567,2018-02-12,30.4,0.7,0.7,20.9,0
Pune,18.5204,73.8567,2018-02-19,32.5,0.0,0.0,17.0,0
Pune,18.5204,73.8567,2018-02-26,33.8,0.0,0.0,16.2,0
Pune,18.5204,73.8567,2018-03-05,35.0,0.0,0.0,23.7,0
Pune,18.5204,73.8567,2018-03-12,35.5,0.0,0.0,17.2,0
Pune,18.5204,73.8567,2018-03-19,35.3,1.9000000000000001,1.8,18.7,0
Pune,18.5204,73.8567,2018-03-26,37.3,0.0,0.0,21.6,0
Pune,18.5204,73.8567,2018-04-02,37.5,0.0,0.0,23.3,0
Pune,18.5204,73.8567,2018-04-09,38.5,3.6,2.0,24.6,0
Pune,18.5204,73.8567,2018-04-16,37.8,0.1,0.1,24.5,0
Pune,18.5204,73.8567,2018-04-23,38.2,5.6,3.2,22.8,0
Pune,18.5204,73.8567,2018-04-30,39.8,0.0,0.0,24.9,0
Pune,18.5204,73.8567,2018-05-07,38.8,0.0,0.0,26.8,0
Pune,18.5204,73.8567,2018-05-14,39.6,2.3,0.9,21.8,0
Pune,18.5204,73.8567,2018-05-21,38.9,4.9,2.9,24.4,0
Pune,18.5204,73.8567,2018-05-28,36.5,7.6,2.2,21.8,0
Pune,18.5204,73.8567,2018-06-04,35.9,21.0,9.9,24.2,0
Pune,18.5204,73.8567,2018-06-11,32.0,35.9,10.4,32.6,0
Pune,18.5204,73.8567,2018-06-18,29.8,28.400000000000002,25.1,30.6,0
Pune,18.5204,73.8567,2018-06-25,30.5,51.2,13.4,25.1,0
Pune,18.5204,73.8567,2018-07-02,28.6,22.5,6.3,30.2,0
Pune,18.5204,73.8567,2018-07-09,26.1,91.1,22.2,29.9,0
Pune,18.5204,73.8567,2018-07-16,25.8,94.5,22.1,29.0,0
Pune,18.5204,73.8567,2018-07-23,26.5,37.2,14.3,30.3,0
Pune,18.5204,73.8567,2018-07-30,27.3,5.0,1.4,29.6,0
Pune,18.5204,73.8567,2018-08-06,27.0,11.399999999999999,5.1,31.9,0
Pune,18.5204,73.8567,2018-08-13,26.2,19.2,6.1,34.4,0
Pune,18.5204,73.8567,2018-08-20,26.5,63.3,23.5,34.6,0
Pune,18.5204,73.8567,2018-08-27,26.4,46.3,18.4,28.3,0
Pune,18.5204,73.8567,2018-09-03,26.4,23.1,7.1,25.3,0
Pune,18.5204,73.8567,2018-09-10,27.1,5.2,2.4,23.9,0
Pune,18.5204,73.8567,2018-09-17,28.7,6.1000000000000005,2.2,18.8,0
Pune,18.5204,73.8567,2018-09-24,29.0,20.2,6.3,22.3,0
Pune,18.5204,73.8567,2018-10-01,31.6,31.599999999999998,12.1,15.0,0
Pune,18.5204,73.8567,2018-10-08,32.6,14.799999999999999,9.2,18.6,0
Pune,18.5204,73.8567,2018-10-15,33.3,0.1,0.1,19.7,0
Pune,18.5204,73.8567,2018-10-22,33.2,1.1,0.8,16.2,0
Pune,18.5204,73.8567,2018-10-29,33.2,0.0,0.0,17.6,0
Pune,18.5204,73.8567,2018-11-05,31.4,16.0,12.7,21.6,0
Pune,18.5204,73.8567,2018-11-12,31.2,1.2,1.2,10.0,0
Pune,18.5204,73.8567,2018-11-19,31.8,2.7,2.6,15.1,0
Pune,18.5204,73.8567,2018-11-26,30.5,5.0,4.7,22.4,0
Pune,18.5204,73.8567,2018-12-03,30.0,0.0,0.0,15.7,0
Pune,18.5204,73.8567,2018-12-10,30.8,0.0,0.0,16.3,0
Pune,18.5204,73.8567,2018-12-17,28.0,0.0,0.0,22.4,0
Pune,18.5204,73.8567,2018-12-24,30.0,0.0,0.0,16.2,0
Pune,18.5204,73.8567,2018-12-31,30.5,0.0,0.0,18.9,0
Pune,18.5204,73.8567,2019-01-07,30.5,0.0,0.0,13.1,0
Pune,18.5204,73.8567,2019-01-14,30.6,0.0,0.0,14.4,0
Pune,18.5204,73.8567,2019-01-21,30.6,0.0,0.0,15.4,0
Pune,18.5204,73.8567,2019-01-28,28.8,0.0,0.0,18.9,0
Pune,18.5204,73.8567,2019-02-04,30.8,0.0,0.0,17.8,0
Pune,18.5204,73.8567,2019-02-11,31.0,0.0,0.0,19.6,0
Pune,18.5204,73.8567,2019-02-18,32.7,0.0,0.0,18.8,0
Pune,18.5204,73.8567,2019-02-25,35.2,0.0,0.0,21.6,0
Pune,18.5204,73.8567,2019-03-04,34.4,0.0,0.0,21.5,0
Pune,18.5204,73.8567,2019-03-11,34.8,0.0,0.0,20.7,0
Pune,18.5204,73.8567,2019-03-18,35.0,0.0,0.0,21.4,0
Pune,18.5204,73.8567,2019-03-25,37.8,0.0,0.0,19.7,0
Pune,18.5204,73.8567,2019-04-01,39.1,0.0,0.0,21.3,0
Pune,18.5204,73.8567,2019-04-08,39.0,0.0,0.0,22.7,0
Pune,18.5204,73.8567,2019-04-15,39.6,0.0,0.0,23.5,0
Pune,18.5204,73.8567,2019-04-22,37.5,0.2,0.2,22.7,0
Pune,18.5204,73.8567,2019-04-29,42.5,0.0,0.0,22.5,0
Pune,18.5204,73.8567,2019-05-06,37.8,0.0,0.0,25.6,0
Pune,18.5204,73.8567,2019-05-13,38.6,0.0,0.0,24.5,0
Pune,18.5204,73.8567,2019-05-20,40.1,0.0,0.0,22.8,0
Pune,18.5204,73.8567,2019-05-27,40.4,0.0,0.0,23.7,0
Pune,18.5204,73.8567,2019-06-03,38.6,0.3,0.3,22.5,0
Pune,18.5204,73.8567,2019-06-10,36.9,17.200000000000003,7.4,21.6,0
Pune,18.5204,73.8567,2019-06-17,35.8,9.5,2.4,30.7,0
Pune,18.5204,73.8567,2019-06-24,32.7,21.3,10.5,27.4,0
Pune,18.5204,73.8567,2019-07-01,31.0,163.6,73.4,24.2,1
Pune,18.5204,73.8567,2019-07-08,27.1,51.1,11.5,29.6,0
Pune,18.5204,73.8567,2019-07-15,27.4,43.800000000000004,22.0,28.0,0
Pune,18.5204,73.8567,2019-07-22,30.0,44.3,19.9,23.5,0
Pune,18.5204,73.8567,2019-07-29,28.1,90.0,21.1,32.4,0
Pune,18.5204,73.8567,2019-08-05,25.1,286.2,75.4,31.6,1
Pune,18.5204,73.8567,2019-08-12,26.9,73.60000000000001,19.6,32.1,0
Pune,18.5204,73.8567,2019-08-19,27.6,13.3,3.1,27.3,0
Pune,18.5204,73.8567,2019-08-26,28.1,7.2,1.5,23.1,0
Pune,18.5204,73.8567,2019-09-02,28.2,32.4,15.9,23.2,0
Pune,18.5204,73.8567,2019-09-09,26.7,150.3,86.0,26.1,1
Pune,18.5204,73.8567,2019-09-16,27.1,21.599999999999998,6.6,27.0,0
Pune,18.5204,73.8567,2019-09-23,29.0,113.0,42.2,19.4,0
Pune,18.5204,73.8567,2019-09-30,28.8,88.7,40.2,20.1,0
Pune,18.5204,73.8567,2019-10-07,29.0,42.4,13.6,18.9,0
Pune,18.5204,73.8567,2019-10-14,29.2,36.3,15.0,13.4,0
Pune,18.5204,73.8567,2019-10-21,29.5,60.1,23.6,17.5,0
Pune,18.5204,73.8567,2019-10-28,28.5,84.3,19.8,23.0,0
Pune,18.5204,73.8567,2019-11-04,28.5,15.100000000000001,10.5,22.6,0
Pune,18.5204,73.8567,2019-11-11,28.6,3.7,2.5,16.0,0
Pune,18.5204,73.8567,2019-11-18,28.6,1.7000000000000002,0.8,14.9,0
Pune,18.5204,73.8567,2019-11-25,29.4,0.1,0.1,14.2,0
Pune,18.5204,73.8567,2019-12-02,29.9,1.5,1.2,18.4,0
Pune,18.5204,73.8567,2019-12-09,28.7,0.2,0.2,22.0,0
Pune,18.5204,73.8567,2019-12-16,29.0,0.1,0.1,13.4,0
Pune,18.5204,73.8567,2019-12-23,29.1,1.1,1.1,15.5,0
Pune,18.5204,73.8567,2019-12-30,29.0,6.2,3.3,16.3,0
Pune,18.5204,73.8567,2020-01-06,28.5,0.0,0.0,17.1,0
Pune,18.5204,73.8567,2020-01-13,30.0,0.1,0.1,17.3,0
Pune,18.5204,73.8567,2020-01-20,30.0,0.0,0.0,18.8,0
Pune,18.5204,73.8567,2020-01-27,31.5,0.0,0.0,19.2,0
Pune,18.5204,73.8567,2020-02-03,31.0,0.0,0.0,21.0,0
Pune,18.5204,73.8567,2020-02-10,30.5,0.6,0.5,22.7,0
Pune,18.5204,73.8567,2020-02-17,33.3,0.0,0.0,19.3,0
Pune,18.5204,73.8567,2020-02-24,33.9,0.0,0.0,19.6,0
Pune,18.5204,73.8567,2020-03-02,33.5,0.0,0.0,20.3,0
Pune,18.5204,73.8567,2020-03-09,32.3,0.0,0.0,21.3,0
Pune,18.5204,73.8567,2020-03-16,35.0,0.0,0.0,23.1,0
Pune,18.5204,73.8567,2020-03-23,35.6,0.0,0.0,22.7,0
Pune,18.5204,73.8567,2020-03-30,36.0,7.3,5.6,16.9,0
Pune,18.5204,73.8567,2020-04-06,38.1,0.2,0.2,23.1,0
Pune,18.5204,73.8567,2020-04-13,38.6,0.0,0.0,20.4,0
Pune,18.5204,73.8567,2020-04-20,39.0,0.0,0.0,21.6,0
Pune,18.5204,73.8567,2020-04-27,38.0,0.0,0.0,22.7,0
Pune,18.5204,73.8567,2020-05-04,38.5,0.2,0.2,28.4,0
Pune,18.5204,73.8567,2020-05-11,39.3,0.0,0.0,24.5,0
Pune,18.5204,73.8567,2020-05-18,38.8,1.7,0.9,23.1,0
Pune,18.5204,73.8567,2020-05-25,38.2,0.2,0.1,23.3,0
Pune,18.5204,73.8567,2020-06-01,36.8,11.799999999999999,11.6,23.0,0
Pune,18.5204,73.8567,2020-06-08,29.0,115.89999999999999,72.8,49.1,1
Pune,18.5204,73.8567,2020-06-15,29.8,44.4,10.8,20.2,0
Pune,18.5204,73.8567,2020-06-22,28.8,104.19999999999999,58.8,26.7,1
Pune,18.5204,73.8567,2020-06-29,30.8,85.19999999999999,43.8,20.9,0
Pune,18.5204,73.8567,2020-07-06,28.4,112.8,46.4,29.8,0
Pune,18.5204,73.8567,2020-07-13,27.8,57.7,14.9,22.8,0
Pune,18.5204,73.8567,2020-07-20,28.6,71.3,29.1,25.0,0
Pune,18.5204,73.8567,2020-07-27,29.0,52.4,12.8,19.6,0
Pune,18.5204,73.8567,2020-08-03,29.5,60.5,17.9,24.5,0
Pune,18.5204,73.8567,2020-08-10,27.1,118.60000000000001,44.2,31.9,0
Pune,18.5204,73.8567,2020-08-17,25.5,137.2,33.5,29.6,0
Pune,18.5204,73.8567,2020-08-24,27.0,35.2,7.9,29.0,0
Pune,18.5204,73.8567,2020-08-31,28.4,17.0,6.1,25.6,0
Pune,18.5204,73.8567,2020-09-07,30.5,44.8,13.4,19.2,0
Pune,18.5204,73.8567,2020-09-14,29.9,71.3,23.6,22.3,0
Pune,18.5204,73.8567,2020-09-21,29.0,93.4,32.3,17.3,0
Pune,18.5204,73.8567,2020-09-28,28.5,37.3,17.8,25.0,0
Pune,18.5204,73.8567,2020-10-05,29.5,7.9,2.7,13.7,0
Pune,18.5204,73.8567,2020-10-12,30.1,63.4,31.2,13.6,0
Pune,18.5204,73.8567,2020-10-19,29.1,89.1,28.6,24.0,0
Pune,18.5204,73.8567,2020-10-26,28.9,34.6,13.8,13.8,0
Pune,18.5204,73.8567,2020-11-02,28.5,0.30000000000000004,0.2,11.2,0
Pune,18.5204,73.8567,2020-11-09,28.7,0.0,0.0,16.6,0
Pune,18.5204,73.8567,2020-11-16,30.1,0.4,0.2,18.4,0
Pune,18.5204,73.8567,2020-11-23,29.9,1.2,0.3,16.7,0
Pune,18.5204,73.8567,2020-11-30,29.4,3.4000000000000004,2.7,23.5,0
Pune,18.5204,73.8567,2020-12-07,29.0,0.0,0.0,17.0,0
Pune,18.5204,73.8567,2020-12-14,30.1,3.6,2.6,15.0,0
Pune,18.5204,73.8567,2020-12-21,29.1,0.0,0.0,18.4,0
Pune,18.5204,73.8567,2020-12-28,29.4,0.0,0.0,12.6,0
Pune,18.5204,73.8567,2021-01-04,29.7,5.8,5.8,16.5,0
Pune,18.5204,73.8567,2021-01-11,29.5,8.8,3.3,13.4,0
Pune,18.5204,73.8567,2021-01-18,31.4,0.0,0.0,14.1,0
Pune,18.5204,73.8567,2021-01-25,30.6,0.0,0.0,13.1,0
Pune,18.5204,73.8567,2021-02-01,30.5,0.0,0.0,14.8,0
Pune,18.5204,73.8567,2021-02-08,29.5,0.0,0.0,14.8,0
Pune,18.5204,73.8567,2021-02-15,31.2,0.0,0.0,17.1,0
Pune,18.5204,73.8567,2021-02-22,31.0,3.6,2.6,24.9,0
Pune,18.5204,73.8567,2021-03-01,34.4,0.0,0.0,15.5,0
Pune,18.5204,73.8567,2021-03-08,34.6,0.0,0.0,14.5,0
Pune,18.5204,73.8567,2021-03-15,36.2,0.0,0.0,21.0,0
Pune,18.5204,73.8567,2021-03-22,34.7,0.1,0.1,18.4,0
Pune,18.5204,73.8567,2021-03-29,38.0,1.6,1.6,18.3,0
Pune,18.5204,73.8567,2021-04-05,38.2,0.0,0.0,24.3,0
Pune,18.5204,73.8567,2021-04-12,38.1,0.1,0.1,22.8,0
Pune,18.5204,73.8567,2021-04-19,37.5,0.1,0.1,25.6,0
Pune,18.5204,73.8567,2021-04-26,37.8,0.1,0.1,24.9,0
Pune,18.5204,73.8567,2021-05-03,36.8,3.4,2.8,22.5,0
Pune,18.5204,73.8567,2021-05-10,36.7,1.0,0.6,19.4,0
Pune,18.5204,73.8567,2021-05-17,37.5,54.900000000000006,33.6,38.9,0
Pune,18.5204,73.8567,2021-05-24,32.6,8.2,3.5,27.4,0
Pune,18.5204,73.8567,2021-05-31,34.2,7.3999999999999995,5.5,25.5,0
Pune,18.5204,73.8567,2021-06-07,31.9,73.39999999999999,20.0,20.2,0
Pune,18.5204,73.8567,2021-06-14,29.6,35.300000000000004,9.3,28.8,0
Pune,18.5204,73.8567,2021-06-21,27.6,35.4,12.2,27.2,0
Pune,18.5204,73.8567,2021-06-28,28.2,38.5,17.0,23.9,0
Pune,18.5204,73.8567,2021-07-05,30.1,4.8,1.9,23.8,0
Pune,18.5204,73.8567,2021-07-12,30.9,39.5,12.8,20.9,0
Pune,18.5204,73.8567,2021-07-19,27.8,66.2,15.3,27.0,0
Pune,18.5204,73.8567,2021-07-26,26.9,132.3,43.0,31.6,0
Pune,18.5204,73.8567,2021-08-02,26.8,23.7,6.4,34.9,0
Pune,18.5204,73.8567,2021-08-09,28.1,12.9,4.8,30.9,0
Pune,18.5204,73.8567,2021-08-16,27.6,10.5,2.3,22.5,0
Pune,18.5204,73.8567,2021-08-23,28.9,47.3,19.8,21.9,0
Pune,18.5204,73.8567,2021-08-30,29.3,15.7,8.9,21.0,0
Pune,18.5204,73.8567,2021-09-06,27.4,58.2,22.3,21.4,0
Pune,18.5204,73.8567,2021-09-13,26.9,50.4,12.2,30.1,0
Pune,18.5204,73.8567,2021-09-20,27.1,9.4,4.5,26.7,0
Pune,18.5204,73.8567,2021-09-27,28.0,21.7,7.4,20.3,0
Pune,18.5204,73.8567,2021-10-04,29.4,27.5,9.2,23.2,0
Pune,18.5204,73.8567,2021-10-11,29.7,41.0,13.7,16.2,0
Pune,18.5204,73.8567,2021-10-18,30.0,0.3,0.3,20.2,0
Pune,18.5204,73.8567,2021-10-25,30.1,0.0,0.0,14.2,0
Pune,18.5204,73.8567,2021-11-01,31.1,0.0,0.0,19.0,0
Pune,18.5204,73.8567,2021-11-08,31.4,4.6,1.8,18.9,0
Pune,18.5204,73.8567,2021-11-15,31.3,0.8999999999999999,0.7,16.3,0
Pune,18.5204,73.8567,2021-11-22,31.9,31.299999999999997,16.7,22.1,0
Pune,18.5204,73.8567,2021-11-29,30.1,0.7,0.6,19.2,0
Pune,18.5204,73.8567,2021-12-06,28.4,75.9,36.1,20.5,0
Pune,18.5204,73.8567,2021-12-13,27.2,0.0,0.0,15.3,0
Pune,18.5204,73.8567,2021-12-20,27.0,0.30000000000000004,0.2,15.0,0
Pune,18.5204,73.8567,2021-12-27,29.2,0.0,0.0,14.0,0
Pune,18.5204,73.8567,2022-01-03,28.6,0.4,0.4,17.4,0
Pune,18.5204,73.8567,2022-01-10,28.2,2.6,2.6,18.8,0
Pune,18.5204,73.8567,2022-01-17,27.2,0.30000000000000004,0.2,15.9,0
Pune,18.5204,73.8567,2022-01-24,29.1,1.7,1.2,23.1,0
Pune,18.5204,73.8567,2022-01-31,29.7,0.0,0.0,13.3,0
Pune,18.5204,73.8567,2022-02-07,31.5,0.0,0.0,19.0,0
Pune,18.5204,73.8567,2022-02-14,30.2,0.0,0.0,17.7,0
Pune,18.5204,73.8567,2022-02-21,32.6,0.0,0.0,18.9,0
Pune,18.5204,73.8567,2022-02-28,34.5,0.0,0.0,17.4,0
Pune,18.5204,73.8567,2022-03-07,34.7,0.0,0.0,16.0,0
Pune,18.5204,73.8567,2022-03-14,35.0,0.1,0.1,19.8,0
Pune,18.5204,73.8567,2022-03-21,38.2,0.0,0.0,23.0,0
Pune,18.5204,73.8567,2022-03-28,38.8,0.0,0.0,24.1,0
Pune,18.5204,73.8567,2022-04-04,41.8,0.0,0.0,29.1,0
Pune,18.5204,73.8567,2022-04-11,40.2,0.0,0.0,29.4,0
Pune,18.5204,73.8567,2022-04-18,39.5,0.0,0.0,27.6,0
Pune,18.5204,73.8567,2022-04-25,39.2,0.30000000000000004,0.2,26.1,0
Pune,18.5204,73.8567,2022-05-02,40.9,0.0,0.0,22.9,0
Pune,18.5204,73.8567,2022-05-09,40.2,0.2,0.2,29.7,0
Pune,18.5204,73.8567,2022-05-16,40.0,0.4,0.4,24.7,0
Pune,18.5204,73.8567,2022-05-23,37.2,3.4,3.4,28.1,0
Pune,18.5204,73.8567,2022-05-30,35.2,0.0,0.0,23.9,0
Pune,18.5204,73.8567,2022-06-06,37.9,21.3,19.8,23.0,0
Pune,18.5204,73.8567,2022-06-13,34.6,23.8,9.9,21.0,0
Pune,18.5204,73.8567,2022-06-20,33.2,26.6,15.2,24.2,0
Pune,18.5204,73.8567,2022-06-27,31.0,105.5,33.7,25.3,0
Pune,18.5204,73.8567,2022-07-04,29.1,24.2,5.1,28.0,0
Pune,18.5204,73.8567,2022-07-11,25.8,93.0,31.2,26.9,0
Pune,18.5204,73.8567,2022-07-18,27.2,134.3,29.1,28.7,0
Pune,18.5204,73.8567,2022-07-25,27.7,25.9,9.2,24.3,0
Pune,18.5204,73.8567,2022-08-01,29.3,40.1,15.2,19.1,0
Pune,18.5204,73.8567,2022-08-08,29.1,99.2,27.5,23.4,0
Pune,18.5204,73.8567,2022-08-15,26.2,57.2,17.1,34.5,0
Pune,18.5204,73.8567,2022-08-22,26.5,24.700000000000003,10.8,31.0,0
Pune,18.5204,73.8567,2022-08-29,28.9,10.4,3.2,27.3,0
Pune,18.5204,73.8567,2022-09-05,30.4,59.6,27.3,15.8,0
Pune,18.5204,73.8567,2022-09-12,29.4,96.7,18.3,14.8,0
Pune,18.5204,73.8567,2022-09-19,26.8,36.0,15.1,33.5,0
Pune,18.5204,73.8567,2022-09-26,27.1,16.3,4.2,20.2,0
Pune,18.5204,73.8567,2022-10-03,28.9,24.200000000000003,9.8,21.1,0
Pune,18.5204,73.8567,2022-10-10,29.6,38.9,18.0,20.9,0
Pune,18.5204,73.8567,2022-10-17,28.6,89.2,23.0,18.4,0
Pune,18.5204,73.8567,2022-10-24,27.5,19.3,12.6,16.1,0
Pune,18.5204,73.8567,2022-10-31,27.6,0.0,0.0,17.5,0
Pune,18.5204,73.8567,2022-11-07,29.2,0.0,0.0,17.3,0
Pune,18.5204,73.8567,2022-11-14,29.9,0.0,0.0,21.3,0
Pune,18.5204,73.8567,2022-11-21,29.4,0.0,0.0,13.9,0
Pune,18.5204,73.8567,2022-11-28,29.8,0.0,0.0,12.6,0
Pune,18.5204,73.8567,2022-12-05,30.2,0.5,0.5,11.9,0
Pune,18.5204,73.8567,2022-12-12,29.5,0.1,0.1,17.0,0
Pune,18.5204,73.8567,2022-12-19,30.5,0.3,0.3,22.2,0
Pune,18.5204,73.8567,2022-12-26,30.3,0.0,0.0,12.1,0
Pune,18.5204,73.8567,2023-01-02,30.5,0.0,0.0,13.8,0
Pune,18.5204,73.8567,2023-01-09,29.9,0.0,0.0,17.4,0
Pune,18.5204,73.8567,2023-01-16,30.5,0.0,0.0,15.8,0
Pune,18.5204,73.8567,2023-01-23,30.5,0.0,0.0,15.9,0
Pune,18.5204,73.8567,2023-01-30,31.0,0.7,0.5,16.4,0
Pune,18.5204,73.8567,2023-02-06,32.3,0.1,0.1,16.9,0
Pune,18.5204,73.8567,2023-02-13,33.5,0.0,0.0,15.5,0
Pune,18.5204,73.8567,2023-02-20,34.3,0.0,0.0,19.1,0
Pune,18.5204,73.8567,2023-02-27,34.8,0.0,0.0,19.1,0
Pune,18.5204,73.8567,2023-03-06,35.8,1.7,1.7,18.6,0
Pune,18.5204,73.8567,2023-03-13,34.5,0.3,0.3,16.9,0
Pune,18.5204,73.8567,2023-03-20,34.9,9.299999999999999,9.2,21.3,0
Pune,18.5204,73.8567,2023-03-27,33.5,1.0,1.0,19.3,0
Pune,18.5204,73.8567,2023-04-03,34.8,0.0,0.0,19.4,0
Pune,18.5204,73.8567,2023-04-10,35.7,12.6,7.6,22.0,0
Pune,18.5204,73.8567,2023-04-17,37.1,1.3,0.6,30.4,0
Pune,18.5204,73.8567,2023-04-24,38.2,0.1,0.1,25.1,0
Pune,18.5204,73.8567,2023-05-01,37.2,0.6,0.3,27.7,0
Pune,18.5204,73.8567,2023-05-08,34.5,5.199999999999999,2.8,20.8,0
Pune,18.5204,73.8567,2023-05-15,40.5,1.3,1.3,23.2,0
Pune,18.5204,73.8567,2023-05-22,38.6,0.0,0.0,24.0,0
Pune,18.5204,73.8567,2023-05-29,39.0,0.2,0.1,26.7,0
Pune,18.5204,73.8567,2023-06-05,39.5,3.0,1.8,24.5,0
Pune,18.5204,73.8567,2023-06-12,36.1,4.0,2.0,28.0,0
Pune,18.5204,73.8567,2023-06-19,33.0,4.3999999999999995,2.5,31.4,0
Pune,18.5204,73.8567,2023-06-26,33.5,17.6,6.5,24.5,0
Pune,18.5204,73.8567,2023-07-03,29.0,65.0,23.5,30.2,0
Pune,18.5204,73.8567,2023-07-10,30.0,72.3,25.6,30.3,0
Pune,18.5204,73.8567,2023-07-17,28.2,47.5,24.6,26.0,0
Pune,18.5204,73.8567,2023-07-24,27.1,96.8,35.3,32.8,0
Pune,18.5204,73.8567,2023-07-31,27.2,74.0,23.5,28.4,0
Pune,18.5204,73.8567,2023-08-07,27.7,10.1,2.5,34.2,0
Pune,18.5204,73.8567,2023-08-14,28.2,9.3,2.0,26.3,0
Pune,18.5204,73.8567,2023-08-21,28.8,5.300000000000001,1.6,24.6,0
Pune,18.5204,73.8567,2023-08-28,28.6,13.2,3.8,25.3,0
Pune,18.5204,73.8567,2023-09-04,32.1,20.2,9.4,17.9,0
Pune,18.5204,73.8567,2023-09-11,29.6,38.6,24.2,26.7,0
Pune,18.5204,73.8567,2023-09-18,28.9,10.9,3.3,27.6,0
Pune,18.5204,73.8567,2023-09-25,29.8,101.6,33.4,22.9,0
Pune,18.5204,73.8567,2023-10-02,29.4,102.9,33.6,20.6,0
Pune,18.5204,73.8567,2023-10-09,30.8,0.2,0.2,13.4,0
Pune,18.5204,73.8567,2023-10-16,31.9,1.0,0.5,12.7,0
Pune,18.5204,73.8567,2023-10-23,31.6,3.5999999999999996,1.9,14.8,0
Pune,18.5204,73.8567,2023-10-30,31.2,0.0,0.0,15.1,0
Pune,18.5204,73.8567,2023-11-06,31.4,0.0,0.0,15.1,0
Pune,18.5204,73.8567,2023-11-13,31.0,13.6,9.5,16.7,0
Pune,18.5204,73.8567,2023-11-20,31.2,0.0,0.0,12.8,0
Pune,18.5204,73.8567,2023-11-27,30.8,29.7,25.0,16.6,0
Pune,18.5204,73.8567,2023-12-04,30.5,1.5,0.3,16.3,0
Pune,18.5204,73.8567,2023-12-11,29.9,1.3,0.5,11.0,0
Pune,18.5204,73.8567,2023-12-18,29.3,0.0,0.0,19.4,0
Pune,18.5204,73.8567,2023-12-25,29.6,0.0,0.0,16.6,0
Pune,18.5204,73.8567,2024-01-01,30.5,0.0,0.0,12.1,0
Hyderabad,17.385,78.4867,2014-01-06,29.5,0.0,0.0,15.5,0
Hyderabad,17.385,78.4867,2014-01-13,29.2,0.0,0.0,20.3,0
Hyderabad,17.385,78.4867,2014-01-20,28.8,0.0,0.0,19.7,0
Hyderabad,17.385,78.4867,2014-01-27,29.0,0.0,0.0,18.2,0
Hyderabad,17.385,78.4867,2014-02-03,29.7,0.0,0.0,13.2,0
Hyderabad,17.385,78.4867,2014-02-10,32.1,0.0,0.0,13.5,0
Hyderabad,17.385,78.4867,2014-02-17,31.1,1.1,0.5,22.4,0
Hyderabad,17.385,78.4867,2014-02-24,30.9,0.2,0.2,18.5,0
Hyderabad,17.385,78.4867,2014-03-03,31.2,6.5,2.9,18.7,0
Hyderabad,17.385,78.4867,2014-03-10,29.6,7.5,7.3,16.6,0
Hyderabad,17.385,78.4867,2014-03-17,34.5,0.0,0.0,17.3,0
Hyderabad,17.385,78.4867,2014-03-24,36.4,0.0,0.0,16.1,0
Hyderabad,17.385,78.4867,2014-03-31,38.6,0.0,0.0,17.6,0
Hyderabad,17.385,78.4867,2014-04-07,38.2,1.3,1.3,16.9,0
Hyderabad,17.385,78.4867,2014-04-14,37.9,0.7,0.4,17.0,0
Hyderabad,17.385,78.4867,2014-04-21,36.6,6.8,3.0,13.3,0
Hyderabad,17.385,78.4867,2014-04-28,38.2,0.2,0.2,13.8,0
Hyderabad,17.385,78.4867,2014-05-05,38.4,2.5,1.5,19.1,0
Hyderabad,17.385,78.4867,2014-05-12,35.0,58.300000000000004,55.2,20.4,1
Hyderabad,17.385,78.4867,2014-05-19,37.5,0.6,0.5,17.7,0
Hyderabad,17.385,78.4867,2014-05-26,39.6,0.2,0.2,20.1,0
Hyderabad,17.385,78.4867,2014-06-02,40.3,2.7,2.5,20.1,0
Hyderabad,17.385,78.4867,2014-06-09,39.6,3.5,2.0,26.4,0
Hyderabad,17.385,78.4867,2014-06-16,37.5,11.1,4.3,25.3,0
Hyderabad,17.385,78.4867,2014-06-23,35.4,2.0999999999999996,1.7,27.2,0
Hyderabad,17.385,78.4867,2014-06-30,36.6,10.1,9.7,25.2,0
Hyderabad,17.385,78.4867,2014-07-07,36.1,19.700000000000003,13.4,22.2,0
Hyderabad,17.385,78.4867,2014-07-14,31.2,59.6,15.8,31.5,0
Hyderabad,17.385,78.4867,2014-07-21,29.7,25.5,6.6,33.5,0
Hyderabad,17.385,78.4867,2014-07-28,29.7,53.5,16.2,35.3,0
Hyderabad,17.385,78.4867,2014-08-04,29.2,39.9,20.0,31.9,0
Hyderabad,17.385,78.4867,2014-08-11,30.2,8.8,5.5,31.5,0
Hyderabad,17.385,78.4867,2014-08-18,31.6,0.6000000000000001,0.4,22.1,0
Hyderabad,17.385,78.4867,2014-08-25,32.5,24.7,11.0,13.9,0
Hyderabad,17.385,78.4867,2014-09-01,29.5,169.0,65.9,31.0,1
Hyderabad,17.385,78.4867,2014-09-08,29.0,32.9,16.5,27.6,0
Hyderabad,17.385,78.4867,2014-09-15,29.6,14.5,4.9,25.0,0
Hyderabad,17.385,78.4867,2014-09-22,30.6,15.8,5.6,23.0,0
Hyderabad,17.385,78.4867,2014-09-29,30.9,3.0,1.2,12.8,0
Hyderabad,17.385,78.4867,2014-10-06,32.4,0.6,0.6,12.2,0
Hyderabad,17.385,78.4867,2014-10-13,32.3,4.0,2.2,26.1,0
Hyderabad,17.385,78.4867,2014-10-20,34.1,6.800000000000001,2.7,15.1,0
Hyderabad,17.385,78.4867,2014-10-27,30.9,100.8,77.2,18.4,1
Hyderabad,17.385,78.4867,2014-11-03,29.1,0.0,0.0,19.1,0
Hyderabad,17.385,78.4867,2014-11-10,30.2,6.8999999999999995,4.6,19.9,0
Hyderabad,17.385,78.4867,2014-11-17,29.0,11.1,4.6,18.0,0
Hyderabad,17.385,78.4867,2014-11-24,28.7,1.0,0.5,13.0,0
Hyderabad,17.385,78.4867,2014-12-01,28.9,0.0,0.0,15.1,0
Hyderabad,17.385,78.4867,2014-12-08,29.1,0.0,0.0,14.4,0
Hyderabad,17.385,78.4867,2014-12-15,28.7,1.9,1.5,18.1,0
Hyderabad,17.385,78.4867,2014-12-22,27.1,0.0,0.0,16.6,0
Hyderabad,17.385,78.4867,2014-12-29,27.2,0.0,0.0,13.5,0
Hyderabad,17.385,78.4867,2015-01-05,28.9,4.8,4.0,15.7,0
Hyderabad,17.385,78.4867,2015-01-12,28.3,0.0,0.0,12.0,0
Hyderabad,17.385,78.4867,2015-01-19,28.1,0.0,0.0,15.1,0
Hyderabad,17.385,78.4867,2015-01-26,28.6,0.0,0.0,20.5,0
Hyderabad,17.385,78.4867,2015-02-02,28.9,0.0,0.0,16.3,0
Hyderabad,17.385,78.4867,2015-02-09,29.8,0.0,0.0,17.6,0
Hyderabad,17.385,78.4867,2015-02-16,32.6,0.0,0.0,19.5,0
Hyderabad,17.385,78.4867,2015-02-23,33.2,0.0,0.0,16.1,0
Hyderabad,17.385,78.4867,2015-03-02,33.5,17.4,11.5,19.8,0
Hyderabad,17.385,78.4867,2015-03-09,31.1,0.9,0.6,13.2,0
Hyderabad,17.385,78.4867,2015-03-16,34.1,0.8,0.8,17.4,0
Hyderabad,17.385,78.4867,2015-03-23,36.5,0.0,0.0,14.2,0
Hyderabad,17.385,78.4867,2015-03-30,37.1,0.0,0.0,14.8,0
Hyderabad,17.385,78.4867,2015-04-06,37.1,0.5,0.5,17.7,0
Hyderabad,17.385,78.4867,2015-04-13,35.8,25.0,12.0,17.2,0
Hyderabad,17.385,78.4867,2015-04-20,36.0,15.9,12.4,13.0,0
Hyderabad,17.385,78.4867,2015-04-27,36.9,1.7,1.0,18.9,0
Hyderabad,17.385,78.4867,2015-05-04,38.7,1.5,1.5,19.8,0
Hyderabad,17.385,78.4867,2015-05-11,38.8,2.5,1.1,14.0,0
Hyderabad,17.385,78.4867,2015-05-18,37.0,11.2,8.5,14.2,0
Hyderabad,17.385,78.4867,2015-05-25,41.6,0.2,0.2,25.3,0
Hyderabad,17.385,78.4867,2015-06-01,40.4,1.1,0.6,24.2,0
Hyderabad,17.385,78.4867,2015-06-08,37.3,9.799999999999999,3.4,16.6,0
Hyderabad,17.385,78.4867,2015-06-15,35.3,36.8,15.4,20.9,0
Hyderabad,17.385,78.4867,2015-06-22,29.3,86.0,31.8,33.8,0
Hyderabad,17.385,78.4867,2015-06-29,31.2,8.8,7.3,35.6,0
Hyderabad,17.385,78.4867,2015-07-06,33.6,0.3,0.3,28.4,0
Hyderabad,17.385,78.4867,2015-07-13,33.5,1.4,0.6,29.7,0
Hyderabad,17.385,78.4867,2015-07-20,35.0,14.799999999999999,7.2,29.1,0
Hyderabad,17.385,78.4867,2015-07-27,31.9,12.4,5.2,24.5,0
Hyderabad,17.385,78.4867,2015-08-03,33.1,1.4,1.4,30.0,0
Hyderabad,17.385,78.4867,2015-08-10,31.0,17.6,6.5,29.2,0
Hyderabad,17.385,78.4867,2015-08-17,30.3,43.8,19.8,24.4,0
Hyderabad,17.385,78.4867,2015-08-24,31.4,12.7,5.1,20.3,0
Hyderabad,17.385,78.4867,2015-08-31,30.9,15.299999999999999,9.6,23.6,0
Hyderabad,17.385,78.4867,2015-09-07,33.4,25.2,14.5,17.2,0
Hyderabad,17.385,78.4867,2015-09-14,30.5,65.2,12.7,19.5,0
Hyderabad,17.385,78.4867,2015-09-21,30.5,14.6,7.2,24.6,0
Hyderabad,17.385,78.4867,2015-09-28,32.2,2.1,1.6,14.4,0
Hyderabad,17.385,78.4867,2015-10-05,31.3,26.5,9.7,13.2,0
Hyderabad,17.385,78.4867,2015-10-12,33.9,3.2,3.2,14.4,0
Hyderabad,17.385,78.4867,2015-10-19,34.0,1.2,0.7,12.5,0
Hyderabad,17.385,78.4867,2015-10-26,34.3,0.0,0.0,14.1,0
Hyderabad,17.385,78.4867,2015-11-02,32.4,2.1999999999999997,1.9,16.8,0
Hyderabad,17.385,78.4867,2015-11-09,32.1,0.0,0.0,16.8,0
Hyderabad,17.385,78.4867,2015-11-16,32.5,0.4,0.3,21.6,0
Hyderabad,17.385,78.4867,2015-11-23,30.8,0.0,0.0,21.4,0
Hyderabad,17.385,78.4867,2015-11-30,32.2,9.7,9.5,18.4,0
Hyderabad,17.385,78.4867,2015-12-07,30.8,0.2,0.2,16.1,0
Hyderabad,17.385,78.4867,2015-12-14,32.9,0.0,0.0,14.3,0
Hyderabad,17.385,78.4867,2015-12-21,32.9,0.0,0.0,18.7,0
Hyderabad,17.385,78.4867,2015-12-28,31.3,0.0,0.0,15.7,0
Hyderabad,17.385,78.4867,2016-01-04,32.2,0.0,0.0,14.7,0
Hyderabad,17.385,78.4867,2016-01-11,29.9,0.0,0.0,12.2,0
Hyderabad,17.385,78.4867,2016-01-18,29.6,0.0,0.0,17.9,0
Hyderabad,17.385,78.4867,2016-01-25,29.0,1.9999999999999998,1.4,15.8,0
Hyderabad,17.385,78.4867,2016-02-01,33.7,0.0,0.0,13.8,0
Hyderabad,17.385,78.4867,2016-02-08,34.1,0.0,0.0,16.3,0
Hyderabad,17.385,78.4867,2016-02-15,33.4,0.0,0.0,21.9,0
Hyderabad,17.385,78.4867,2016-02-22,36.2,0.0,0.0,20.6,0
Hyderabad,17.385,78.4867,2016-02-29,36.6,0.7,0.5,20.1,0
Hyderabad,17.385,78.4867,2016-03-07,35.1,5.9,2.2,17.4,0
Hyderabad,17.385,78.4867,2016-03-14,37.6,0.2,0.2,19.6,0
Hyderabad,17.385,78.4867,2016-03-21,38.4,0.6,0.6,16.9,0
Hyderabad,17.385,78.4867,2016-03-28,38.2,0.0,0.0,16.9,0
Hyderabad,17.385,78.4867,2016-04-04,38.4,0.5,0.5,16.8,0
Hyderabad,17.385,78.4867,2016-04-11,39.3,0.0,0.0,17.6,0
Hyderabad,17.385,78.4867,2016-04-18,40.3,0.1,0.1,17.9,0
Hyderabad,17.385,78.4867,2016-04-25,41.5,0.0,0.0,19.4,0
Hyderabad,17.385,78.4867,2016-05-02,40.6,6.7,3.1,18.1,0
Hyderabad,17.385,78.4867,2016-05-09,39.8,10.1,2.4,18.0,0
Hyderabad,17.385,78.4867,2016-05-16,39.1,3.0,1.8,21.1,0
Hyderabad,17.385,78.4867,2016-05-23,40.2,2.3,1.0,27.3,0
Hyderabad,17.385,78.4867,2016-05-30,39.2,0.0,0.0,26.4,0
Hyderabad,17.385,78.4867,2016-06-06,38.2,54.099999999999994,27.4,21.9,0
Hyderabad,17.385,78.4867,2016-06-13,32.5,53.6,32.0,24.6,0
Hyderabad,17.385,78.4867,2016-06-20,33.0,35.2,18.3,26.7,0
Hyderabad,17.385,78.4867,2016-06-27,31.0,16.0,4.3,24.5,0
Hyderabad,17.385,78.4867,2016-07-04,29.3,111.60000000000001,39.2,30.4,0
Hyderabad,17.385,78.4867,2016-07-11,29.6,102.5,40.2,32.3,0
Hyderabad,17.385,78.4867,2016-07-18,30.2,3.4,2.3,31.2,0
Hyderabad,17.385,78.4867,2016-07-25,29.0,43.8,14.9,20.6,0
Hyderabad,17.385,78.4867,2016-08-01,29.7,78.5,16.1,27.0,0
Hyderabad,17.385,78.4867,2016-08-08,28.8,34.7,18.6,37.1,0
Hyderabad,17.385,78.4867,2016-08-15,28.9,2.1999999999999997,1.4,29.1,0
Hyderabad,17.385,78.4867,2016-08-22,29.9,0.6000000000000001,0.4,32.1,0
Hyderabad,17.385,78.4867,2016-08-29,30.4,15.4,7.8,19.4,0
Hyderabad,17.385,78.4867,2016-09-05,28.8,49.0,29.5,21.7,0
Hyderabad,17.385,78.4867,2016-09-12,28.6,59.4,24.9,22.5,0
Hyderabad,17.385,78.4867,2016-09-19,27.4,75.2,33.4,26.1,0
Hyderabad,17.385,78.4867,2016-09-26,27.5,124.0,46.1,23.2,0
Hyderabad,17.385,78.4867,2016-10-03,29.5,36.4,22.1,18.9,0
Hyderabad,17.385,78.4867,2016-10-10,29.5,31.099999999999998,18.4,19.8,0
Hyderabad,17.385,78.4867,2016-10-17,30.4,0.3,0.3,13.2,0
Hyderabad,17.385,78.4867,2016-10-24,29.2,0.0,0.0,15.3,0
Hyderabad,17.385,78.4867,2016-10-31,29.1,5.1,4.0,18.1,0
Hyderabad,17.385,78.4867,2016-11-07,29.7,0.0,0.0,16.4,0
Hyderabad,17.385,78.4867,2016-11-14,28.6,0.0,0.0,14.0,0
Hyderabad,17.385,78.4867,2016-11-21,29.4,0.6,0.6,14.4,0
Hyderabad,17.385,78.4867,2016-11-28,30.5,0.0,0.0,14.0,0
Hyderabad,17.385,78.4867,2016-12-05,30.1,1.8,1.8,13.6,0
Hyderabad,17.385,78.4867,2016-12-12,28.7,0.0,0.0,17.4,0
Hyderabad,17.385,78.4867,2016-12-19,28.7,2.6999999999999997,2.4,22.1,0
Hyderabad,17.385,78.4867,2016-12-26,29.1,0.0,0.0,11.7,0
Hyderabad,17.385,78.4867,2017-01-02,29.0,0.0,0.0,12.2,0
Hyderabad,17.385,78.4867,2017-01-09,28.5,0.0,0.0,13.6,0
Hyderabad,17.385,78.4867,2017-01-16,28.4,0.0,0.0,16.3,0
Hyderabad,17.385,78.4867,2017-01-23,30.1,0.0,0.0,15.7,0
Hyderabad,17.385,78.4867,2017-01-30,30.0,0.0,0.0,14.3,0
Hyderabad,17.385,78.4867,2017-02-06,31.1,0.0,0.0,13.5,0
Hyderabad,17.385,78.4867,2017-02-13,31.7,0.0,0.0,17.1,0
Hyderabad,17.385,78.4867,2017-02-20,34.6,0.0,0.0,18.2,0
Hyderabad,17.385,78.4867,2017-02-27,34.8,0.0,0.0,15.0,0
Hyderabad,17.385,78.4867,2017-03-06,33.8,0.0,0.0,17.6,0
Hyderabad,17.385,78.4867,2017-03-13,34.3,0.2,0.2,19.7,0
Hyderabad,17.385,78.4867,2017-03-20,34.3,5.1,3.4,16.9,0
Hyderabad,17.385,78.4867,2017-03-27,37.6,0.0,0.0,13.3,0
Hyderabad,17.385,78.4867,2017-04-03,38.8,0.3,0.3,17.6,0
Hyderabad,17.385,78.4867,2017-04-10,38.0,2.8,1.5,14.4,0
Hyderabad,17.385,78.4867,2017-04-17,40.5,0.1,0.1,17.7,0
Hyderabad,17.385,78.4867,2017-04-24,39.7,0.0,0.0,18.6,0
Hyderabad,17.385,78.4867,2017-05-01,38.5,4.1000000000000005,2.2,18.2,0
Hyderabad,17.385,78.4867,2017-05-08,38.7,1.1,0.5,22.1,0
Hyderabad,17.385,78.4867,2017-05-15,39.1,2.3,1.4,21.4,0
Hyderabad,17.385,78.4867,2017-05-22,40.2,0.5,0.2,20.5,0
Hyderabad,17.385,78.4867,2017-05-29,40.7,7.7,4.5,25.2,0
Hyderabad,17.385,78.4867,2017-06-05,37.0,11.599999999999998,5.1,25.8,0
Hyderabad,17.385,78.4867,2017-06-12,33.0,41.1,12.5,23.6,0
Hyderabad,17.385,78.4867,2017-06-19,30.6,92.7,24.3,19.0,0
Hyderabad,17.385,78.4867,2017-06-26,31.2,21.6,6.3,24.4,0
Hyderabad,17.385,78.4867,2017-07-03,29.9,19.1,6.9,29.9,0
Hyderabad,17.385,78.4867,2017-07-10,30.8,22.3,11.9,26.6,0
Hyderabad,17.385,78.4867,2017-07-17,30.0,54.5,30.0,29.9,0
Hyderabad,17.385,78.4867,2017-07-24,30.4,54.599999999999994,38.8,33.2,0
Hyderabad,17.385,78.4867,2017-07-31,30.7,6.6,4.1,28.1,0
Hyderabad,17.385,78.4867,2017-08-07,31.0,4.5,1.7,22.9,0
Hyderabad,17.385,78.4867,2017-08-14,29.6,37.2,16.3,17.8,0
Hyderabad,17.385,78.4867,2017-08-21,29.0,75.89999999999999,33.3,31.4,0
Hyderabad,17.385,78.4867,2017-08-28,29.6,59.6,26.5,20.5,0
Hyderabad,17.385,78.4867,2017-09-04,30.0,31.8,30.1,24.5,0
Hyderabad,17.385,78.4867,2017-09-11,30.7,19.8,7.5,18.3,0
Hyderabad,17.385,78.4867,2017-09-18,30.9,26.1,9.5,25.2,0
Hyderabad,17.385,78.4867,2017-09-25,30.5,7.3,2.8,27.8,0
Hyderabad,17.385,78.4867,2017-10-02,30.8,51.3,12.5,12.9,0
Hyderabad,17.385,78.4867,2017-10-09,29.2,58.1,19.8,11.4,0
Hyderabad,17.385,78.4867,2017-10-16,30.7,28.8,9.8,13.0,0
Hyderabad,17.385,78.4867,2017-10-23,31.0,4.0,2.2,15.7,0
Hyderabad,17.385,78.4867,2017-10-30,30.5,0.9,0.5,14.1,0
Hyderabad,17.385,78.4867,2017-11-06,29.4,0.0,0.0,15.7,0
Hyderabad,17.385,78.4867,2017-11-13,29.6,0.0,0.0,12.8,0
Hyderabad,17.385,78.4867,2017-11-20,31.0,0.4,0.2,17.1,0
Hyderabad,17.385,78.4867,2017-11-27,30.6,0.3,0.3,13.4,0
Hyderabad,17.385,78.4867,2017-12-04,28.6,0.0,0.0,15.5,0
Hyderabad,17.385,78.4867,2017-12-11,30.2,0.0,0.0,16.4,0
Hyderabad,17.385,78.4867,2017-12-18,29.5,0.0,0.0,16.1,0
Hyderabad,17.385,78.4867,2017-12-25,28.8,0.0,0.0,13.7,0
Hyderabad,17.385,78.4867,2018-01-01,28.1,0.0,0.0,12.6,0
Hyderabad,17.385,78.4867,2018-01-08,27.9,0.0,0.0,13.8,0
Hyderabad,17.385,78.4867,2018-01-15,30.6,0.0,0.0,13.1,0
Hyderabad,17.385,78.4867,2018-01-22,29.8,0.0,0.0,13.4,0
Hyderabad,17.385,78.4867,2018-01-29,28.8,0.0,0.0,14.1,0
Hyderabad,17.385,78.4867,2018-02-05,30.2,0.0,0.0,15.0,0
Hyderabad,17.385,78.4867,2018-02-12,30.8,0.6,0.3,18.4,0
Hyderabad,17.385,78.4867,2018-02-19,32.2,0.0,0.0,15.3,0
Hyderabad,17.385,78.4867,2018-02-26,33.0,0.0,0.0,17.1,0
Hyderabad,17.385,78.4867,2018-03-05,35.5,0.0,0.0,15.8,0
Hyderabad,17.385,78.4867,2018-03-12,35.2,0.0,0.0,16.6,0
Hyderabad,17.385,78.4867,2018-03-19,35.1,3.0,2.9,21.3,0
Hyderabad,17.385,78.4867,2018-03-26,36.2,0.4,0.4,16.8,0
Hyderabad,17.385,78.4867,2018-04-02,37.0,2.8,2.4,18.7,0
Hyderabad,17.385,78.4867,2018-04-09,34.8,10.3,3.2,18.2,0
Hyderabad,17.385,78.4867,2018-04-16,34.8,8.2,5.3,15.9,0
Hyderabad,17.385,78.4867,2018-04-23,38.7,0.9,0.4,17.4,0
Hyderabad,17.385,78.4867,2018-04-30,39.8,0.5,0.4,16.3,0
Hyderabad,17.385,78.4867,2018-05-07,39.5,3.5,3.5,23.6,0
Hyderabad,17.385,78.4867,2018-05-14,38.3,2.2,0.7,16.4,0
Hyderabad,17.385,78.4867,2018-05-21,38.9,2.0,1.0,18.1,0
Hyderabad,17.385,78.4867,2018-05-28,39.1,7.6,3.4,15.2,0
Hyderabad,17.385,78.4867,2018-06-04,39.2,22.2,9.2,17.3,0
Hyderabad,17.385,78.4867,2018-06-11,36.0,37.7,11.6,28.1,0
Hyderabad,17.385,78.4867,2018-06-18,33.0,4.2,2.1,27.9,0
Hyderabad,17.385,78.4867,2018-06-25,33.8,19.7,9.0,28.3,0
Hyderabad,17.385,78.4867,2018-07-02,32.5,9.4,6.9,27.2,0
Hyderabad,17.385,78.4867,2018-07-09,31.0,46.9,19.2,30.1,0
Hyderabad,17.385,78.4867,2018-07-16,27.8,97.0,32.8,30.5,0
Hyderabad,17.385,78.4867,2018-07-23,30.1,34.199999999999996,15.7,35.4,0
Hyderabad,17.385,78.4867,2018-07-30,30.6,7.3999999999999995,3.3,27.7,0
Hyderabad,17.385,78.4867,2018-08-06,31.1,6.3,1.6,27.9,0
Hyderabad,17.385,78.4867,2018-08-13,30.2,85.6,31.3,31.0,0
Hyderabad,17.385,78.4867,2018-08-20,27.7,158.2,54.4,34.1,1
Hyderabad,17.385,78.4867,2018-08-27,29.3,20.7,8.2,31.4,0
Hyderabad,17.385,78.4867,2018-09-03,29.2,5.8,3.4,23.8,0
Hyderabad,17.385,78.4867,2018-09-10,30.2,1.9,0.9,25.7,0
Hyderabad,17.385,78.4867,2018-09-17,30.7,16.7,5.4,13.1,0
Hyderabad,17.385,78.4867,2018-09-24,30.6,32.2,25.6,22.4,0
Hyderabad,17.385,78.4867,2018-10-01,31.2,27.8,8.2,13.1,0
Hyderabad,17.385,78.4867,2018-10-08,31.2,1.3,0.9,16.6,0
Hyderabad,17.385,78.4867,2018-10-15,32.2,5.3,5.2,22.5,0
Hyderabad,17.385,78.4867,2018-10-22,32.1,10.8,5.4,17.6,0
Hyderabad,17.385,78.4867,2018-10-29,32.2,2.2,2.1,21.1,0
Hyderabad,17.385,78.4867,2018-11-05,31.0,3.0,1.7,15.5,0
Hyderabad,17.385,78.4867,2018-11-12,31.5,1.7000000000000002,0.8,15.0,0
Hyderabad,17.385,78.4867,2018-11-19,31.6,1.2,0.6,14.1,0
Hyderabad,17.385,78.4867,2018-11-26,31.0,0.0,0.0,16.4,0
Hyderabad,17.385,78.4867,2018-12-03,28.9,0.0,0.0,13.9,0
Hyderabad,17.385,78.4867,2018-12-10,29.8,2.5,1.1,14.2,0
Hyderabad,17.385,78.4867,2018-12-17,30.0,2.5,1.1,18.6,0
Hyderabad,17.385,78.4867,2018-12-24,28.4,1.9,1.9,18.9,0
Hyderabad,17.385,78.4867,2018-12-31,30.3,0.1,0.1,17.6,0
Hyderabad,17.385,78.4867,2019-01-07,29.4,0.0,0.0,12.3,0
Hyderabad,17.385,78.4867,2019-01-14,28.9,0.0,0.0,13.0,0
Hyderabad,17.385,78.4867,2019-01-21,29.9,0.0,0.0,13.2,0
Hyderabad,17.385,78.4867,2019-01-28,30.0,32.8,21.3,18.1,0
Hyderabad,17.385,78.4867,2019-02-04,28.0,0.0,0.0,16.4,0
Hyderabad,17.385,78.4867,2019-02-11,31.0,0.0,0.0,16.4,0
Hyderabad,17.385,78.4867,2019-02-18,32.1,0.1,0.1,15.6,0
Hyderabad,17.385,78.4867,2019-02-25,35.0,0.0,0.0,18.1,0
Hyderabad,17.385,78.4867,2019-03-04,35.2,0.5,0.3,19.9,0
Hyderabad,17.385,78.4867,2019-03-11,34.8,0.0,0.0,17.4,0
Hyderabad,17.385,78.4867,2019-03-18,35.7,0.0,0.0,19.9,0
Hyderabad,17.385,78.4867,2019-03-25,35.7,0.2,0.2,19.1,0
Hyderabad,17.385,78.4867,2019-04-01,37.8,0.0,0.0,19.2,0
Hyderabad,17.385,78.4867,2019-04-08,37.1,0.2,0.1,23.9,0
Hyderabad,17.385,78.4867,2019-04-15,38.0,1.6,1.3,28.5,0
Hyderabad,17.385,78.4867,2019-04-22,36.6,1.7,1.7,20.2,0
Hyderabad,17.385,78.4867,2019-04-29,38.6,0.1,0.1,20.2,0
Hyderabad,17.385,78.4867,2019-05-06,39.8,0.0,0.0,23.3,0
Hyderabad,17.385,78.4867,2019-05-13,39.8,0.2,0.2,20.9,0
Hyderabad,17.385,78.4867,2019-05-20,39.5,0.5,0.2,15.2,0
Hyderabad,17.385,78.4867,2019-05-27,40.5,0.2,0.2,18.5,0
Hyderabad,17.385,78.4867,2019-06-03,40.5,2.3,2.0,17.3,0
Hyderabad,17.385,78.4867,2019-06-10,38.8,2.0,0.9,22.6,0
Hyderabad,17.385,78.4867,2019-06-17,37.0,1.3,1.0,26.5,0
Hyderabad,17.385,78.4867,2019-06-24,36.8,28.2,13.6,22.6,0
Hyderabad,17.385,78.4867,2019-07-01,32.9,73.0,33.7,30.0,0
Hyderabad,17.385,78.4867,2019-07-08,31.3,25.1,11.1,31.3,0
Hyderabad,17.385,78.4867,2019-07-15,32.2,14.899999999999999,5.5,29.5,0
Hyderabad,17.385,78.4867,2019-07-22,33.3,18.6,7.1,18.8,0
Hyderabad,17.385,78.4867,2019-07-29,31.2,79.80000000000001,34.7,30.3,0
Hyderabad,17.385,78.4867,2019-08-05,29.1,113.0,42.8,32.2,0
Hyderabad,17.385,78.4867,2019-08-12,29.6,28.099999999999998,14.2,33.8,0
Hyderabad,17.385,78.4867,2019-08-19,30.4,14.2,4.3,20.5,0
Hyderabad,17.385,78.4867,2019-08-26,29.2,33.6,13.1,23.6,0
Hyderabad,17.385,78.4867,2019-09-02,30.4,35.3,13.9,23.7,0
Hyderabad,17.385,78.4867,2019-09-09,29.2,44.4,15.0,29.3,0
Hyderabad,17.385,78.4867,2019-09-16,29.8,5.5,1.9,24.6,0
Hyderabad,17.385,78.4867,2019-09-23,29.7,66.1,20.2,16.4,0
Hyderabad,17.385,78.4867,2019-09-30,29.2,47.0,11.3,17.8,0
Hyderabad,17.385,78.4867,2019-10-07,29.7,35.1,9.5,13.0,0
Hyderabad,17.385,78.4867,2019-10-14,29.0,35.0,13.6,12.0,0
Hyderabad,17.385,78.4867,2019-10-21,28.8,35.0,8.4,15.3,0
Hyderabad,17.385,78.4867,2019-10-28,28.3,49.4,11.4,16.1,0
Hyderabad,17.385,78.4867,2019-11-04,29.7,11.5,3.4,18.7,0
Hyderabad,17.385,78.4867,2019-11-11,29.6,1.7999999999999998,1.4,11.5,0
Hyderabad,17.385,78.4867,2019-11-18,30.6,2.0,1.0,14.3,0
Hyderabad,17.385,78.4867,2019-11-25,28.5,1.5,1.3,15.5,0
Hyderabad,17.385,78.4867,2019-12-02,29.0,6.5,6.3,16.0,0
Hyderabad,17.385,78.4867,2019-12-09,26.8,1.7,0.5,20.0,0
Hyderabad,17.385,78.4867,2019-12-16,28.4,0.0,0.0,13.6,0
Hyderabad,17.385,78.4867,2019-12-23,27.6,0.1,0.1,16.5,0
Hyderabad,17.385,78.4867,2019-12-30,28.7,1.5000000000000002,1.3,18.1,0
Hyderabad,17.385,78.4867,2020-01-06,27.2,3.3,1.5,20.1,0
Hyderabad,17.385,78.4867,2020-01-13,28.9,0.6,0.3,16.8,0
Hyderabad,17.385,78.4867,2020-01-20,28.8,0.1,0.1,16.2,0
Hyderabad,17.385,78.4867,2020-01-27,30.9,0.0,0.0,17.9,0
Hyderabad,17.385,78.4867,2020-02-03,30.6,0.2,0.2,16.8,0
Hyderabad,17.385,78.4867,2020-02-10,30.8,21.5,17.0,17.6,0
Hyderabad,17.385,78.4867,2020-02-17,31.0,0.8,0.6,17.4,0
Hyderabad,17.385,78.4867,2020-02-24,31.4,0.0,0.0,17.9,0
Hyderabad,17.385,78.4867,2020-03-02,31.0,0.0,0.0,15.2,0
Hyderabad,17.385,78.4867,2020-03-09,33.0,1.5,0.5,18.2,0
Hyderabad,17.385,78.4867,2020-03-16,33.2,1.7,0.6,14.9,0
Hyderabad,17.385,78.4867,2020-03-23,33.5,1.0,0.5,17.2,0
Hyderabad,17.385,78.4867,2020-03-30,35.0,0.0,0.0,14.5,0
Hyderabad,17.385,78.4867,2020-04-06,35.0,0.0,0.0,12.8,0
Hyderabad,17.385,78.4867,2020-04-13,35.9,0.30000000000000004,0.2,18.9,0
Hyderabad,17.385,78.4867,2020-04-20,36.2,2.6,2.4,14.5,0
Hyderabad,17.385,78.4867,2020-04-27,37.5,0.1,0.1,22.6,0
Hyderabad,17.385,78.4867,2020-05-04,37.3,0.5,0.4,19.0,0
Hyderabad,17.385,78.4867,2020-05-11,36.8,0.6000000000000001,0.4,14.9,0
Hyderabad,17.385,78.4867,2020-05-18,36.7,0.8,0.4,22.1,0
Hyderabad,17.385,78.4867,2020-05-25,39.3,0.2,0.2,21.4,0
Hyderabad,17.385,78.4867,2020-06-01,39.7,9.2,6.0,16.3,0
Hyderabad,17.385,78.4867,2020-06-08,35.5,12.6,8.0,27.2,0
Hyderabad,17.385,78.4867,2020-06-15,35.4,77.0,36.0,24.9,0
Hyderabad,17.385,78.4867,2020-06-22,31.5,57.8,24.7,24.8,0
Hyderabad,17.385,78.4867,2020-06-29,32.4,33.6,15.4,18.8,0
Hyderabad,17.385,78.4867,2020-07-06,31.4,64.60000000000001,41.5,22.6,0
Hyderabad,17.385,78.4867,2020-07-13,30.5,25.5,15.4,25.0,0
Hyderabad,17.385,78.4867,2020-07-20,30.5,64.7,17.6,22.1,0
Hyderabad,17.385,78.4867,2020-07-27,31.3,24.099999999999998,18.0,19.6,0
Hyderabad,17.385,78.4867,2020-08-03,31.5,41.6,17.5,27.8,0
Hyderabad,17.385,78.4867,2020-08-10,29.8,50.7,13.8,30.7,0
Hyderabad,17.385,78.4867,2020-08-17,28.4,119.4,35.3,26.8,0
Hyderabad,17.385,78.4867,2020-08-24,29.3,80.6,32.8,24.5,0
Hyderabad,17.385,78.4867,2020-08-31,30.8,6.6,5.1,21.6,0
Hyderabad,17.385,78.4867,2020-09-07,31.1,10.4,5.2,14.0,0
Hyderabad,17.385,78.4867,2020-09-14,31.1,39.6,22.3,20.5,0
Hyderabad,17.385,78.4867,2020-09-21,30.0,90.89999999999999,33.8,20.2,0
Hyderabad,17.385,78.4867,2020-09-28,29.2,45.4,19.8,29.1,0
Hyderabad,17.385,78.4867,2020-10-05,31.5,19.900000000000002,11.0,17.8,0
Hyderabad,17.385,78.4867,2020-10-12,31.4,70.0,40.7,18.8,0
Hyderabad,17.385,78.4867,2020-10-19,29.4,102.8,80.5,25.7,1
Hyderabad,17.385,78.4867,2020-10-26,30.5,21.4,13.3,13.0,0
Hyderabad,17.385,78.4867,2020-11-02,30.5,0.0,0.0,13.6,0
Hyderabad,17.385,78.4867,2020-11-09,30.1,0.0,0.0,13.2,0
Hyderabad,17.385,78.4867,2020-11-16,30.0,1.0,0.9,19.1,0
Hyderabad,17.385,78.4867,2020-11-23,30.4,0.2,0.2,18.7,0
Hyderabad,17.385,78.4867,2020-11-30,28.6,22.9,13.1,24.1,0
Hyderabad,17.385,78.4867,2020-12-07,28.0,0.0,0.0,13.0,0
Hyderabad,17.385,78.4867,2020-12-14,28.5,0.0,0.0,15.4,0
Hyderabad,17.385,78.4867,2020-12-21,28.4,0.0,0.0,14.9,0
Hyderabad,17.385,78.4867,2020-12-28,28.1,0.0,0.0,10.8,0
Hyderabad,17.385,78.4867,2021-01-04,27.9,0.0,0.0,19.7,0
Hyderabad,17.385,78.4867,2021-01-11,29.4,4.6,3.4,14.9,0
Hyderabad,17.385,78.4867,2021-01-18,29.4,0.0,0.0,13.1,0
Hyderabad,17.385,78.4867,2021-01-25,29.7,0.0,0.0,10.2,0
Hyderabad,17.385,78.4867,2021-02-01,29.5,0.0,0.0,13.6,0
Hyderabad,17.385,78.4867,2021-02-08,28.5,0.0,0.0,11.9,0
Hyderabad,17.385,78.4867,2021-02-15,30.8,0.0,0.0,10.7,0
Hyderabad,17.385,78.4867,2021-02-22,31.1,0.5,0.5,16.9,0
Hyderabad,17.385,78.4867,2021-03-01,34.0,0.0,0.0,11.4,0
Hyderabad,17.385,78.4867,2021-03-08,34.3,0.0,0.0,15.1,0
Hyderabad,17.385,78.4867,2021-03-15,34.5,0.0,0.0,16.1,0
Hyderabad,17.385,78.4867,2021-03-22,35.2,0.0,0.0,13.4,0
Hyderabad,17.385,78.4867,2021-03-29,37.5,0.0,0.0,14.5,0
Hyderabad,17.385,78.4867,2021-04-05,38.2,0.0,0.0,19.3,0
Hyderabad,17.385,78.4867,2021-04-12,37.6,0.1,0.1,15.6,0
Hyderabad,17.385,78.4867,2021-04-19,35.3,4.7,2.9,13.9,0
Hyderabad,17.385,78.4867,2021-04-26,36.0,0.1,0.1,14.4,0
Hyderabad,17.385,78.4867,2021-05-03,36.4,0.0,0.0,16.6,0
Hyderabad,17.385,78.4867,2021-05-10,35.4,0.2,0.1,15.8,0
Hyderabad,17.385,78.4867,2021-05-17,37.0,14.1,11.3,27.2,0
Hyderabad,17.385,78.4867,2021-05-24,36.7,2.6,2.2,21.9,0
Hyderabad,17.385,78.4867,2021-05-31,37.0,1.9,1.2,25.6,0
Hyderabad,17.385,78.4867,2021-06-07,35.4,22.3,12.4,16.2,0
Hyderabad,17.385,78.4867,2021-06-14,33.2,21.3,10.3,30.0,0
Hyderabad,17.385,78.4867,2021-06-21,32.4,8.8,3.4,29.5,0
Hyderabad,17.385,78.4867,2021-06-28,33.3,16.3,8.2,25.2,0
Hyderabad,17.385,78.4867,2021-07-05,33.8,25.5,23.8,16.6,0
Hyderabad,17.385,78.4867,2021-07-12,32.2,71.0,19.4,18.9,0
Hyderabad,17.385,78.4867,2021-07-19,30.2,45.3,13.1,26.7,0
Hyderabad,17.385,78.4867,2021-07-26,30.0,94.0,43.8,30.9,0
Hyderabad,17.385,78.4867,2021-08-02,29.8,3.0,1.1,31.0,0
Hyderabad,17.385,78.4867,2021-08-09,31.4,7.3,2.6,27.8,0
Hyderabad,17.385,78.4867,2021-08-16,31.6,15.5,7.5,20.5,0
Hyderabad,17.385,78.4867,2021-08-23,30.8,36.8,22.5,25.9,0
Hyderabad,17.385,78.4867,2021-08-30,30.7,41.4,9.9,19.0,0
Hyderabad,17.385,78.4867,2021-09-06,29.5,44.9,10.2,19.3,0
Hyderabad,17.385,78.4867,2021-09-13,29.6,56.8,47.8,29.3,0
Hyderabad,17.385,78.4867,2021-09-20,29.5,29.9,14.9,25.5,0
Hyderabad,17.385,78.4867,2021-09-27,28.7,86.0,39.2,20.0,0
Hyderabad,17.385,78.4867,2021-10-04,30.2,29.299999999999997,9.0,25.5,0
Hyderabad,17.385,78.4867,2021-10-11,30.5,32.0,12.4,18.0,0
Hyderabad,17.385,78.4867,2021-10-18,31.3,13.2,11.6,17.1,0
Hyderabad,17.385,78.4867,2021-10-25,31.5,0.0,0.0,14.8,0
Hyderabad,17.385,78.4867,2021-11-01,31.3,1.1,1.0,17.7,0
Hyderabad,17.385,78.4867,2021-11-08,29.7,18.599999999999998,16.2,17.3,0
Hyderabad,17.385,78.4867,2021-11-15,29.9,12.5,4.4,18.7,0
Hyderabad,17.385,78.4867,2021-11-22,30.0,22.4,5.0,21.0,0
Hyderabad,17.385,78.4867,2021-11-29,30.1,1.3,1.0,15.9,0
Hyderabad,17.385,78.4867,2021-12-06,30.9,0.0,0.0,15.7,0
Hyderabad,17.385,78.4867,2021-12-13,30.0,1.6,0.8,14.4,0
Hyderabad,17.385,78.4867,2021-12-20,28.0,0.1,0.1,13.6,0
Hyderabad,17.385,78.4867,2021-12-27,30.0,0.0,0.0,13.4,0
Hyderabad,17.385,78.4867,2022-01-03,28.6,0.3,0.3,16.0,0
Hyderabad,17.385,78.4867,2022-01-10,28.7,3.7,3.0,16.3,0
Hyderabad,17.385,78.4867,2022-01-17,27.3,10.6,4.9,17.7,0
Hyderabad,17.385,78.4867,2022-01-24,31.0,0.0,0.0,19.6,0
Hyderabad,17.385,78.4867,2022-01-31,30.1,0.0,0.0,13.4,0
Hyderabad,17.385,78.4867,2022-02-07,31.2,0.0,0.0,17.5,0
Hyderabad,17.385,78.4867,2022-02-14,30.5,0.0,0.0,16.0,0
Hyderabad,17.385,78.4867,2022-02-21,32.5,0.0,0.0,17.2,0
Hyderabad,17.385,78.4867,2022-02-28,33.5,0.0,0.0,18.8,0
Hyderabad,17.385,78.4867,2022-03-07,34.1,0.0,0.0,17.0,0
Hyderabad,17.385,78.4867,2022-03-14,35.3,0.0,0.0,15.0,0
Hyderabad,17.385,78.4867,2022-03-21,38.3,1.6,1.6,23.7,0
Hyderabad,17.385,78.4867,2022-03-28,38.3,0.0,0.0,20.6,0
Hyderabad,17.385,78.4867,2022-04-04,38.7,0.0,0.0,17.7,0
Hyderabad,17.385,78.4867,2022-04-11,38.0,0.0,0.0,16.7,0
Hyderabad,17.385,78.4867,2022-04-18,38.8,2.7,2.7,27.7,0
Hyderabad,17.385,78.4867,2022-04-25,39.6,0.8,0.6,27.9,0
Hyderabad,17.385,78.4867,2022-05-02,39.3,0.0,0.0,19.0,0
Hyderabad,17.385,78.4867,2022-05-09,39.0,1.9,1.9,23.6,0
Hyderabad,17.385,78.4867,2022-05-16,38.0,7.4,6.4,21.5,0
Hyderabad,17.385,78.4867,2022-05-23,35.3,8.2,3.6,25.7,0
Hyderabad,17.385,78.4867,2022-05-30,37.2,0.4,0.3,22.5,0
Hyderabad,17.385,78.4867,2022-06-06,38.5,10.1,8.2,25.9,0
Hyderabad,17.385,78.4867,2022-06-13,38.0,1.8,0.5,22.0,0
Hyderabad,17.385,78.4867,2022-06-20,33.7,28.2,11.5,23.4,0
Hyderabad,17.385,78.4867,2022-06-27,32.0,54.099999999999994,23.6,22.0,0
Hyderabad,17.385,78.4867,2022-07-04,31.5,24.8,7.9,23.8,0
Hyderabad,17.385,78.4867,2022-07-11,28.9,184.9,55.8,37.9,1
Hyderabad,17.385,78.4867,2022-07-18,29.9,86.0,36.3,37.9,0
Hyderabad,17.385,78.4867,2022-07-25,30.6,56.0,22.8,25.1,0
Hyderabad,17.385,78.4867,2022-08-01,30.2,18.5,5.0,17.6,0
Hyderabad,17.385,78.4867,2022-08-08,30.1,78.9,22.7,26.1,0
Hyderabad,17.385,78.4867,2022-08-15,29.2,22.5,7.4,36.9,0
Hyderabad,17.385,78.4867,2022-08-22,30.5,1.8,0.9,26.7,0
Hyderabad,17.385,78.4867,2022-08-29,30.7,18.200000000000003,8.8,20.5,0
Hyderabad,17.385,78.4867,2022-09-05,31.2,32.599999999999994,10.5,14.8,0
Hyderabad,17.385,78.4867,2022-09-12,30.2,96.89999999999999,24.5,24.3,0
Hyderabad,17.385,78.4867,2022-09-19,29.6,5.2,3.2,28.6,0
Hyderabad,17.385,78.4867,2022-09-26,30.1,10.8,3.6,20.8,0
Hyderabad,17.385,78.4867,2022-10-03,30.3,52.2,25.5,18.9,0
Hyderabad,17.385,78.4867,2022-10-10,30.1,41.9,21.1,18.0,0
Hyderabad,17.385,78.4867,2022-10-17,29.1,33.8,11.8,15.5,0
Hyderabad,17.385,78.4867,2022-10-24,29.3,4.3,2.8,22.1,0
Hyderabad,17.385,78.4867,2022-10-31,28.9,0.0,0.0,16.3,0
Hyderabad,17.385,78.4867,2022-11-07,29.9,1.1,0.6,12.8,0
Hyderabad,17.385,78.4867,2022-11-14,29.9,0.0,0.0,19.1,0
Hyderabad,17.385,78.4867,2022-11-21,29.7,0.0,0.0,17.4,0
Hyderabad,17.385,78.4867,2022-11-28,30.5,0.8,0.8,16.0,0
Hyderabad,17.385,78.4867,2022-12-05,29.8,0.1,0.1,10.9,0
Hyderabad,17.385,78.4867,2022-12-12,29.8,16.2,11.1,22.6,0
Hyderabad,17.385,78.4867,2022-12-19,29.9,2.3,2.3,16.6,0
Hyderabad,17.385,78.4867,2022-12-26,30.2,0.3,0.3,15.1,0
Hyderabad,17.385,78.4867,2023-01-02,31.0,0.0,0.0,10.7,0
Hyderabad,17.385,78.4867,2023-01-09,28.6,1.2,0.9,12.9,0
Hyderabad,17.385,78.4867,2023-01-16,29.6,0.0,0.0,10.8,0
Hyderabad,17.385,78.4867,2023-01-23,29.5,0.0,0.0,13.7,0
Hyderabad,17.385,78.4867,2023-01-30,29.8,0.0,0.0,17.9,0
Hyderabad,17.385,78.4867,2023-02-06,30.7,0.0,0.0,16.9,0
Hyderabad,17.385,78.4867,2023-02-13,33.5,0.0,0.0,15.3,0
Hyderabad,17.385,78.4867,2023-02-20,33.3,0.0,0.0,18.1,0
Hyderabad,17.385,78.4867,2023-02-27,34.8,0.0,0.0,14.5,0
Hyderabad,17.385,78.4867,2023-03-06,34.4,0.0,0.0,17.9,0
Hyderabad,17.385,78.4867,2023-03-13,33.8,0.0,0.0,18.0,0
Hyderabad,17.385,78.4867,2023-03-20,34.8,57.2,29.6,18.0,0
Hyderabad,17.385,78.4867,2023-03-27,33.6,0.7,0.7,14.4,0
Hyderabad,17.385,78.4867,2023-04-03,35.0,0.5,0.5,15.6,0
Hyderabad,17.385,78.4867,2023-04-10,35.7,4.1,2.5,21.3,0
Hyderabad,17.385,78.4867,2023-04-17,37.6,0.0,0.0,19.4,0
Hyderabad,17.385,78.4867,2023-04-24,38.5,5.800000000000001,4.2,19.5,0
Hyderabad,17.385,78.4867,2023-05-01,33.8,83.5,19.4,25.1,0
Hyderabad,17.385,78.4867,2023-05-08,34.1,18.7,8.7,16.2,0
Hyderabad,17.385,78.4867,2023-05-15,38.3,19.8,15.3,25.2,0
Hyderabad,17.385,78.4867,2023-05-22,37.7,15.2,15.1,22.2,0
Hyderabad,17.385,78.4867,2023-05-29,36.7,13.4,9.0,21.0,0
Hyderabad,17.385,78.4867,2023-06-05,38.2,17.3,11.0,23.4,0
Hyderabad,17.385,78.4867,2023-06-12,37.1,2.3,1.9,26.7,0
Hyderabad,17.385,78.4867,2023-06-19,36.8,0.1,0.1,24.6,0
Hyderabad,17.385,78.4867,2023-06-26,36.2,49.1,16.5,23.8,0
Hyderabad,17.385,78.4867,2023-07-03,33.1,6.0,1.9,28.1,0
Hyderabad,17.385,78.4867,2023-07-10,32.7,19.4,10.9,27.1,0
Hyderabad,17.385,78.4867,2023-07-17,31.5,18.2,7.0,27.7,0
Hyderabad,17.385,78.4867,2023-07-24,28.7,135.9,29.1,32.4,0
Hyderabad,17.385,78.4867,2023-07-31,30.0,128.20000000000002,82.7,33.5,1
Hyderabad,17.385,78.4867,2023-08-07,30.7,5.3,1.7,31.0,0
Hyderabad,17.385,78.4867,2023-08-14,31.2,1.6,0.7,21.5,0
Hyderabad,17.385,78.4867,2023-08-21,30.4,18.4,5.2,26.3,0
Hyderabad,17.385,78.4867,2023-08-28,31.6,8.0,4.4,19.5,0
Hyderabad,17.385,78.4867,2023-09-04,32.3,90.7,30.0,19.8,0
Hyderabad,17.385,78.4867,2023-09-11,29.5,64.3,27.0,27.8,0
Hyderabad,17.385,78.4867,2023-09-18,30.8,2.5,1.1,23.0,0
Hyderabad,17.385,78.4867,2023-09-25,31.3,23.5,8.2,19.3,0
Hyderabad,17.385,78.4867,2023-10-02,30.9,70.89999999999999,30.9,17.5,0
Hyderabad,17.385,78.4867,2023-10-09,32.6,0.0,0.0,17.7,0
Hyderabad,17.385,78.4867,2023-10-16,33.4,25.400000000000002,24.6,13.9,0
Hyderabad,17.385,78.4867,2023-10-23,32.6,0.30000000000000004,0.2,18.9,0
Hyderabad,17.385,78.4867,2023-10-30,31.1,2.2,1.8,17.6,0
Hyderabad,17.385,78.4867,2023-11-06,30.8,14.6,6.5,18.4,0
Hyderabad,17.385,78.4867,2023-11-13,30.7,17.3,9.0,14.2,0
Hyderabad,17.385,78.4867,2023-11-20,29.9,0.0,0.0,13.4,0
Hyderabad,17.385,78.4867,2023-11-27,29.0,10.4,7.2,17.7,0
Hyderabad,17.385,78.4867,2023-12-04,30.2,7.7,5.9,18.2,0
Hyderabad,17.385,78.4867,2023-12-11,28.8,9.3,6.2,24.2,0
Hyderabad,17.385,78.4867,2023-12-18,27.5,0.0,0.0,15.3,0
Hyderabad,17.385,78.4867,2023-12-25,28.4,0.0,0.0,13.0,0
Hyderabad,17.385,78.4867,2024-01-01,29.2,0.0,0.0,12.4,0
Ahmedabad,23.0225,72.5714,2014-01-06,27.5,0.0,0.0,16.6,0
Ahmedabad,23.0225,72.5714,2014-01-13,28.3,0.0,0.0,18.7,0
Ahmedabad,23.0225,72.5714,2014-01-20,27.3,0.0,0.0,18.2,0
Ahmedabad,23.0225,72.5714,2014-01-27,27.2,5.3,3.8,17.3,0
Ahmedabad,23.0225,72.5714,2014-02-03,30.9,0.0,0.0,15.1,0
Ahmedabad,23.0225,72.5714,2014-02-10,31.3,0.0,0.0,13.1,0
Ahmedabad,23.0225,72.5714,2014-02-17,27.7,0.0,0.0,20.5,0
Ahmedabad,23.0225,72.5714,2014-02-24,29.4,0.0,0.0,19.2,0
Ahmedabad,23.0225,72.5714,2014-03-03,30.9,2.2,2.0,15.9,0
Ahmedabad,23.0225,72.5714,2014-03-10,32.3,0.0,0.0,18.4,0
Ahmedabad,23.0225,72.5714,2014-03-17,36.6,0.0,0.0,16.1,0
Ahmedabad,23.0225,72.5714,2014-03-24,35.1,0.0,0.0,13.3,0
Ahmedabad,23.0225,72.5714,2014-03-31,36.3,0.0,0.0,14.4,0
Ahmedabad,23.0225,72.5714,2014-04-07,38.3,0.0,0.0,16.2,0
Ahmedabad,23.0225,72.5714,2014-04-14,37.4,0.0,0.0,11.9,0
Ahmedabad,23.0225,72.5714,2014-04-21,38.5,0.8999999999999999,0.6,14.5,0
Ahmedabad,23.0225,72.5714,2014-04-28,41.9,0.0,0.0,11.8,0
Ahmedabad,23.0225,72.5714,2014-05-05,41.6,0.7,0.7,14.3,0
Ahmedabad,23.0225,72.5714,2014-05-12,41.5,0.0,0.0,16.2,0
Ahmedabad,23.0225,72.5714,2014-05-19,39.2,0.6,0.6,22.3,0
Ahmedabad,23.0225,72.5714,2014-05-26,41.2,0.0,0.0,16.3,0
Ahmedabad,23.0225,72.5714,2014-06-02,42.3,0.0,0.0,15.9,0
Ahmedabad,23.0225,72.5714,2014-06-09,42.0,0.0,0.0,23.9,0
Ahmedabad,23.0225,72.5714,2014-06-16,39.4,1.6,0.8,25.1,0
Ahmedabad,23.0225,72.5714,2014-06-23,40.1,0.4,0.3,25.3,0
Ahmedabad,23.0225,72.5714,2014-06-30,40.1,0.0,0.0,24.1,0
Ahmedabad,23.0225,72.5714,2014-07-07,38.7,0.6,0.5,21.6,0
Ahmedabad,23.0225,72.5714,2014-07-14,38.8,3.6,3.1,21.6,0
Ahmedabad,23.0225,72.5714,2014-07-21,34.1,112.2,67.7,20.9,1
Ahmedabad,23.0225,72.5714,2014-07-28,32.0,137.3,63.3,21.4,1
Ahmedabad,23.0225,72.5714,2014-08-04,31.0,73.0,25.6,18.8,0
Ahmedabad,23.0225,72.5714,2014-08-11,31.0,26.2,8.7,18.2,0
Ahmedabad,23.0225,72.5714,2014-08-18,31.4,4.9,1.7,22.2,0
Ahmedabad,23.0225,72.5714,2014-08-25,32.4,21.1,17.6,11.2,0
Ahmedabad,23.0225,72.5714,2014-09-01,33.1,95.10000000000001,40.2,12.6,0
Ahmedabad,23.0225,72.5714,2014-09-08,31.3,50.2,16.3,19.9,0
Ahmedabad,23.0225,72.5714,2014-09-15,30.6,153.20000000000002,105.9,16.1,1
Ahmedabad,23.0225,72.5714,2014-09-22,31.0,0.6,0.3,12.7,0
Ahmedabad,23.0225,72.5714,2014-09-29,32.8,0.5,0.2,11.4,0
Ahmedabad,23.0225,72.5714,2014-10-06,34.2,0.0,0.0,11.2,0
Ahmedabad,23.0225,72.5714,2014-10-13,35.9,0.0,0.0,11.2,0
Ahmedabad,23.0225,72.5714,2014-10-20,34.8,0.0,0.0,10.6,0
Ahmedabad,23.0225,72.5714,2014-10-27,35.2,0.0,0.0,12.8,0
Ahmedabad,23.0225,72.5714,2014-11-03,34.0,0.0,0.0,13.4,0
Ahmedabad,23.0225,72.5714,2014-11-10,33.7,0.0,0.0,12.4,0
Ahmedabad,23.0225,72.5714,2014-11-17,33.8,3.0,1.4,13.8,0
Ahmedabad,23.0225,72.5714,2014-11-24,32.9,0.0,0.0,11.4,0
Ahmedabad,23.0225,72.5714,2014-12-01,31.5,0.0,0.0,9.7,0
Ahmedabad,23.0225,72.5714,2014-12-08,31.2,0.0,0.0,16.8,0
Ahmedabad,23.0225,72.5714,2014-12-15,29.9,0.0,0.0,17.9,0
Ahmedabad,23.0225,72.5714,2014-12-22,26.9,0.0,0.0,17.7,0
Ahmedabad,23.0225,72.5714,2014-12-29,27.7,0.0,0.0,16.1,0
Ahmedabad,23.0225,72.5714,2015-01-05,26.3,0.0,0.0,15.6,0
Ahmedabad,23.0225,72.5714,2015-01-12,28.7,0.0,0.0,13.0,0
Ahmedabad,23.0225,72.5714,2015-01-19,27.4,0.2,0.2,16.5,0
Ahmedabad,23.0225,72.5714,2015-01-26,27.6,3.5,3.3,15.3,0
Ahmedabad,23.0225,72.5714,2015-02-02,29.1,0.0,0.0,16.2,0
Ahmedabad,23.0225,72.5714,2015-02-09,29.9,0.0,0.0,19.3,0
Ahmedabad,23.0225,72.5714,2015-02-16,32.2,0.0,0.0,17.9,0
Ahmedabad,23.0225,72.5714,2015-02-23,35.1,0.0,0.0,11.0,0
Ahmedabad,23.0225,72.5714,2015-03-02,32.9,33.0,33.0,20.9,0
Ahmedabad,23.0225,72.5714,2015-03-09,31.1,0.0,0.0,15.1,0
Ahmedabad,23.0225,72.5714,2015-03-16,33.1,5.5,2.2,19.5,0
Ahmedabad,23.0225,72.5714,2015-03-23,38.3,0.0,0.0,12.6,0
Ahmedabad,23.0225,72.5714,2015-03-30,39.0,1.6,1.6,17.3,0
Ahmedabad,23.0225,72.5714,2015-04-06,37.3,0.0,0.0,18.4,0
Ahmedabad,23.0225,72.5714,2015-04-13,38.1,1.8,1.5,14.8,0
Ahmedabad,23.0225,72.5714,2015-04-20,41.4,0.0,0.0,14.8,0
Ahmedabad,23.0225,72.5714,2015-04-27,41.2,0.0,0.0,14.4,0
Ahmedabad,23.0225,72.5714,2015-05-04,41.8,0.0,0.0,16.8,0
Ahmedabad,23.0225,72.5714,2015-05-11,41.3,0.0,0.0,13.7,0
Ahmedabad,23.0225,72.5714,2015-05-18,42.2,0.0,0.0,13.0,0
Ahmedabad,23.0225,72.5714,2015-05-25,42.2,0.0,0.0,20.2,0
Ahmedabad,23.0225,72.5714,2015-06-01,41.4,0.0,0.0,23.2,0
Ahmedabad,23.0225,72.5714,2015-06-08,41.5,1.4,1.4,23.1,0
Ahmedabad,23.0225,72.5714,2015-06-15,37.8,5.1,2.9,23.0,0
Ahmedabad,23.0225,72.5714,2015-06-22,36.9,9.8,5.3,21.3,0
Ahmedabad,23.0225,72.5714,2015-06-29,35.2,29.200000000000003,24.6,21.4,0
Ahmedabad,23.0225,72.5714,2015-07-06,38.4,0.30000000000000004,0.2,27.3,0
Ahmedabad,23.0225,72.5714,2015-07-13,37.6,0.4,0.2,24.5,0
Ahmedabad,23.0225,72.5714,2015-07-20,37.8,5.0,2.4,23.6,0
Ahmedabad,23.0225,72.5714,2015-07-27,31.8,307.3,143.8,27.0,1
Ahmedabad,23.0225,72.5714,2015-08-03,30.5,138.20000000000002,121.4,35.3,1
Ahmedabad,23.0225,72.5714,2015-08-10,31.6,2.6,1.2,19.8,0
Ahmedabad,23.0225,72.5714,2015-08-17,31.9,18.6,6.2,14.0,0
Ahmedabad,23.0225,72.5714,2015-08-24,31.8,5.5,1.6,19.5,0
Ahmedabad,23.0225,72.5714,2015-08-31,32.6,1.3,0.7,13.4,0
Ahmedabad,23.0225,72.5714,2015-09-07,33.0,0.2,0.1,13.5,0
Ahmedabad,23.0225,72.5714,2015-09-14,36.4,1.6,0.5,14.7,0
Ahmedabad,23.0225,72.5714,2015-09-21,35.8,35.7,14.1,23.9,0
Ahmedabad,23.0225,72.5714,2015-09-28,33.0,2.7,2.7,15.6,0
Ahmedabad,23.0225,72.5714,2015-10-05,37.3,0.0,0.0,14.2,0
Ahmedabad,23.0225,72.5714,2015-10-12,37.5,0.0,0.0,11.9,0
Ahmedabad,23.0225,72.5714,2015-10-19,37.7,0.0,0.0,10.2,0
Ahmedabad,23.0225,72.5714,2015-10-26,36.4,0.1,0.1,8.8,0
Ahmedabad,23.0225,72.5714,2015-11-02,34.5,0.0,0.0,18.7,0
Ahmedabad,23.0225,72.5714,2015-11-09,34.4,0.0,0.0,9.1,0
Ahmedabad,23.0225,72.5714,2015-11-16,34.9,0.0,0.0,10.2,0
Ahmedabad,23.0225,72.5714,2015-11-23,33.5,0.0,0.0,16.6,0
Ahmedabad,23.0225,72.5714,2015-11-30,33.8,0.0,0.0,14.7,0
Ahmedabad,23.0225,72.5714,2015-12-07,32.4,0.0,0.0,15.3,0
Ahmedabad,23.0225,72.5714,2015-12-14,31.9,0.0,0.0,16.2,0
Ahmedabad,23.0225,72.5714,2015-12-21,27.6,0.0,0.0,17.1,0
Ahmedabad,23.0225,72.5714,2015-12-28,31.4,0.0,0.0,17.8,0
Ahmedabad,23.0225,72.5714,2016-01-04,33.0,0.0,0.0,11.9,0
Ahmedabad,23.0225,72.5714,2016-01-11,29.8,0.0,0.0,11.2,0
Ahmedabad,23.0225,72.5714,2016-01-18,28.6,0.0,0.0,12.0,0
Ahmedabad,23.0225,72.5714,2016-01-25,27.3,0.0,0.0,13.7,0
Ahmedabad,23.0225,72.5714,2016-02-01,30.8,0.0,0.0,12.0,0
Ahmedabad,23.0225,72.5714,2016-02-08,29.3,0.0,0.0,16.5,0
Ahmedabad,23.0225,72.5714,2016-02-15,29.8,0.0,0.0,14.1,0
Ahmedabad,23.0225,72.5714,2016-02-22,33.1,0.0,0.0,17.0,0
Ahmedabad,23.0225,72.5714,2016-02-29,35.0,0.0,0.0,17.0,0
Ahmedabad,23.0225,72.5714,2016-03-07,36.0,0.4,0.2,15.3,0
Ahmedabad,23.0225,72.5714,2016-03-14,34.9,0.0,0.0,14.4,0
Ahmedabad,23.0225,72.5714,2016-03-21,37.1,0.0,0.0,19.4,0
Ahmedabad,23.0225,72.5714,2016-03-28,38.3,0.0,0.0,15.3,0
Ahmedabad,23.0225,72.5714,2016-04-04,37.6,0.0,0.0,13.6,0
Ahmedabad,23.0225,72.5714,2016-04-11,37.5,0.0,0.0,17.1,0
Ahmedabad,23.0225,72.5714,2016-04-18,39.0,0.0,0.0,16.2,0
Ahmedabad,23.0225,72.5714,2016-04-25,39.1,0.0,0.0,17.6,0
Ahmedabad,23.0225,72.5714,2016-05-02,41.5,0.3,0.3,17.8,0
Ahmedabad,23.0225,72.5714,2016-05-09,40.9,1.0,0.6,16.6,0
Ahmedabad,23.0225,72.5714,2016-05-16,42.5,0.0,0.0,16.9,0
Ahmedabad,23.0225,72.5714,2016-05-23,45.4,0.0,0.0,22.5,1
Ahmedabad,23.0225,72.5714,2016-05-30,40.8,0.1,0.1,20.9,0
Ahmedabad,23.0225,72.5714,2016-06-06,43.5,0.0,0.0,19.9,0
Ahmedabad,23.0225,72.5714,2016-06-13,42.2,0.0,0.0,22.8,0
Ahmedabad,23.0225,72.5714,2016-06-20,39.5,0.2,0.2,23.1,0
Ahmedabad,23.0225,72.5714,2016-06-27,37.1,12.100000000000001,5.9,21.6,0
Ahmedabad,23.0225,72.5714,2016-07-04,36.9,70.80000000000001,42.7,17.0,0
Ahmedabad,23.0225,72.5714,2016-07-11,33.4,5.8,2.4,18.4,0
Ahmedabad,23.0225,72.5714,2016-07-18,32.2,71.7,32.4,17.7,0
Ahmedabad,23.0225,72.5714,2016-07-25,32.4,12.5,6.4,16.0,0
Ahmedabad,23.0225,72.5714,2016-08-01,31.2,56.5,16.7,17.4,0
Ahmedabad,23.0225,72.5714,2016-08-08,30.1,70.0,14.9,16.3,0
Ahmedabad,23.0225,72.5714,2016-08-15,31.2,34.4,23.5,18.4,0
Ahmedabad,23.0225,72.5714,2016-08-22,31.4,16.8,7.7,18.9,0
Ahmedabad,23.0225,72.5714,2016-08-29,31.4,216.7,107.5,19.1,1
Ahmedabad,23.0225,72.5714,2016-09-05,30.4,23.3,11.4,17.1,0
Ahmedabad,23.0225,72.5714,2016-09-12,31.3,0.5,0.4,14.7,0
Ahmedabad,23.0225,72.5714,2016-09-19,34.0,2.6,1.3,14.0,0
Ahmedabad,23.0225,72.5714,2016-09-26,34.1,0.1,0.1,16.4,0
Ahmedabad,23.0225,72.5714,2016-10-03,33.5,56.8,20.5,16.5,0
Ahmedabad,23.0225,72.5714,2016-10-10,31.9,59.6,27.8,15.3,0
Ahmedabad,23.0225,72.5714,2016-10-17,33.0,0.0,0.0,10.7,0
Ahmedabad,23.0225,72.5714,2016-10-24,32.3,0.0,0.0,9.7,0
Ahmedabad,23.0225,72.5714,2016-10-31,33.8,0.0,0.0,12.1,0
Ahmedabad,23.0225,72.5714,2016-11-07,32.5,0.0,0.0,14.0,0
Ahmedabad,23.0225,72.5714,2016-11-14,31.8,0.0,0.0,10.5,0
Ahmedabad,23.0225,72.5714,2016-11-21,31.3,0.0,0.0,14.6,0
Ahmedabad,23.0225,72.5714,2016-11-28,32.1,0.0,0.0,14.6,0
Ahmedabad,23.0225,72.5714,2016-12-05,31.6,0.0,0.0,17.5,0
Ahmedabad,23.0225,72.5714,2016-12-12,30.5,0.0,0.0,14.1,0
Ahmedabad,23.0225,72.5714,2016-12-19,30.2,0.0,0.0,12.2,0
Ahmedabad,23.0225,72.5714,2016-12-26,29.4,0.0,0.0,17.4,0
Ahmedabad,23.0225,72.5714,2017-01-02,30.0,0.0,0.0,15.5,0
Ahmedabad,23.0225,72.5714,2017-01-09,28.4,0.0,0.0,18.2,0
Ahmedabad,23.0225,72.5714,2017-01-16,28.4,0.0,0.0,18.4,0
Ahmedabad,23.0225,72.5714,2017-01-23,31.2,0.0,0.0,19.1,0
Ahmedabad,23.0225,72.5714,2017-01-30,32.0,0.0,0.0,19.1,0
Ahmedabad,23.0225,72.5714,2017-02-06,33.1,0.0,0.0,16.9,0
Ahmedabad,23.0225,72.5714,2017-02-13,30.2,0.0,0.0,20.8,0
Ahmedabad,23.0225,72.5714,2017-02-20,34.6,0.0,0.0,21.1,0
Ahmedabad,23.0225,72.5714,2017-02-27,34.5,0.0,0.0,16.0,0
Ahmedabad,23.0225,72.5714,2017-03-06,34.8,0.0,0.0,14.8,0
Ahmedabad,23.0225,72.5714,2017-03-13,32.8,0.0,0.0,20.8,0
Ahmedabad,23.0225,72.5714,2017-03-20,35.5,0.0,0.0,21.8,0
Ahmedabad,23.0225,72.5714,2017-03-27,40.7,0.0,0.0,14.5,0
Ahmedabad,23.0225,72.5714,2017-04-03,39.9,0.0,0.0,16.3,0
Ahmedabad,23.0225,72.5714,2017-04-10,39.5,0.0,0.0,25.0,0
Ahmedabad,23.0225,72.5714,2017-04-17,42.2,0.0,0.0,18.7,0
Ahmedabad,23.0225,72.5714,2017-04-24,42.3,0.0,0.0,24.9,0
Ahmedabad,23.0225,72.5714,2017-05-01,40.5,0.0,0.0,19.4,0
Ahmedabad,23.0225,72.5714,2017-05-08,42.5,0.0,0.0,18.6,0
Ahmedabad,23.0225,72.5714,2017-05-15,42.7,0.0,0.0,21.0,0
Ahmedabad,23.0225,72.5714,2017-05-22,42.5,1.3,1.2,28.8,0
Ahmedabad,23.0225,72.5714,2017-05-29,42.5,0.1,0.1,29.2,0
Ahmedabad,23.0225,72.5714,2017-06-05,42.5,2.1999999999999997,1.4,27.8,0
Ahmedabad,23.0225,72.5714,2017-06-12,39.6,18.3,10.0,22.8,0
Ahmedabad,23.0225,72.5714,2017-06-19,41.2,0.1,0.1,26.0,0
Ahmedabad,23.0225,72.5714,2017-06-26,39.0,14.0,5.9,26.3,0
Ahmedabad,23.0225,72.5714,2017-07-03,33.7,141.5,42.9,31.8,0
Ahmedabad,23.0225,72.5714,2017-07-10,33.2,9.6,3.2,27.7,0
Ahmedabad,23.0225,72.5714,2017-07-17,32.8,215.5,76.7,26.6,1
Ahmedabad,23.0225,72.5714,2017-07-24,32.4,581.5,339.9,36.4,1
Ahmedabad,23.0225,72.5714,2017-07-31,31.2,313.1,174.3,34.8,1
Ahmedabad,23.0225,72.5714,2017-08-07,32.0,10.6,3.6,23.2,0
Ahmedabad,23.0225,72.5714,2017-08-14,31.6,9.1,2.0,21.8,0
Ahmedabad,23.0225,72.5714,2017-08-21,32.6,53.9,31.9,20.2,0
Ahmedabad,23.0225,72.5714,2017-08-28,31.9,50.8,18.1,17.3,0
Ahmedabad,23.0225,72.5714,2017-09-04,31.5,80.2,51.1,25.2,1
Ahmedabad,23.0225,72.5714,2017-09-11,32.8,2.9000000000000004,1.8,15.9,0
Ahmedabad,23.0225,72.5714,2017-09-18,32.7,58.2,27.8,14.0,0
Ahmedabad,23.0225,72.5714,2017-09-25,33.9,0.0,0.0,14.8,0
Ahmedabad,23.0225,72.5714,2017-10-02,35.3,0.0,0.0,17.1,0
Ahmedabad,23.0225,72.5714,2017-10-09,37.1,0.0,0.0,15.8,0
Ahmedabad,23.0225,72.5714,2017-10-16,37.3,0.0,0.0,16.2,0
Ahmedabad,23.0225,72.5714,2017-10-23,37.8,0.0,0.0,15.0,0
Ahmedabad,23.0225,72.5714,2017-10-30,35.4,0.0,0.0,12.8,0
Ahmedabad,23.0225,72.5714,2017-11-06,34.3,0.0,0.0,15.0,0
Ahmedabad,23.0225,72.5714,2017-11-13,32.5,0.0,0.0,12.7,0
Ahmedabad,23.0225,72.5714,2017-11-20,30.1,0.0,0.0,17.7,0
Ahmedabad,23.0225,72.5714,2017-11-27,30.3,0.0,0.0,16.6,0
Ahmedabad,23.0225,72.5714,2017-12-04,30.2,0.0,0.0,16.5,0
Ahmedabad,23.0225,72.5714,2017-12-11,29.2,15.100000000000001,9.9,21.2,0
Ahmedabad,23.0225,72.5714,2017-12-18,28.3,0.0,0.0,21.2,0
Ahmedabad,23.0225,72.5714,2017-12-25,28.4,0.0,0.0,17.9,0
Ahmedabad,23.0225,72.5714,2018-01-01,29.0,0.0,0.0,17.4,0
Ahmedabad,23.0225,72.5714,2018-01-08,27.1,0.0,0.0,18.6,0
Ahmedabad,23.0225,72.5714,2018-01-15,31.1,0.0,0.0,17.7,0
Ahmedabad,23.0225,72.5714,2018-01-22,30.5,0.0,0.0,13.0,0
Ahmedabad,23.0225,72.5714,2018-01-29,29.1,0.0,0.0,14.9,0
Ahmedabad,23.0225,72.5714,2018-02-05,31.6,0.4,0.4,14.7,0
Ahmedabad,23.0225,72.5714,2018-02-12,30.2,0.2,0.2,12.4,0
Ahmedabad,23.0225,72.5714,2018-02-19,32.3,0.0,0.0,21.8,0
Ahmedabad,23.0225,72.5714,2018-02-26,34.9,0.0,0.0,17.7,0
Ahmedabad,23.0225,72.5714,2018-03-05,35.8,0.0,0.0,16.3,0
Ahmedabad,23.0225,72.5714,2018-03-12,35.7,0.0,0.0,16.7,0
Ahmedabad,23.0225,72.5714,2018-03-19,35.5,0.0,0.0,21.2,0
Ahmedabad,23.0225,72.5714,2018-03-26,38.2,0.0,0.0,17.3,0
Ahmedabad,23.0225,72.5714,2018-04-02,40.0,0.0,0.0,16.4,0
Ahmedabad,23.0225,72.5714,2018-04-09,39.0,0.1,0.1,20.3,0
Ahmedabad,23.0225,72.5714,2018-04-16,39.5,0.4,0.2,15.6,0
Ahmedabad,23.0225,72.5714,2018-04-23,40.8,0.0,0.0,23.9,0
Ahmedabad,23.0225,72.5714,2018-04-30,42.5,0.0,0.0,25.2,0
Ahmedabad,23.0225,72.5714,2018-05-07,42.2,0.0,0.0,22.0,0
Ahmedabad,23.0225,72.5714,2018-05-14,42.5,0.0,0.0,20.0,0
Ahmedabad,23.0225,72.5714,2018-05-21,43.1,0.0,0.0,21.4,0
Ahmedabad,23.0225,72.5714,2018-05-28,44.0,0.0,0.0,20.2,0
Ahmedabad,23.0225,72.5714,2018-06-04,42.2,2.5,1.6,25.3,0
Ahmedabad,23.0225,72.5714,2018-06-11,42.5,0.7,0.3,26.3,0
Ahmedabad,23.0225,72.5714,2018-06-18,41.7,0.8,0.4,27.5,0
Ahmedabad,23.0225,72.5714,2018-06-25,41.3,9.5,8.6,20.2,0
Ahmedabad,23.0225,72.5714,2018-07-02,37.7,58.699999999999996,46.3,24.4,0
Ahmedabad,23.0225,72.5714,2018-07-09,36.0,20.8,12.9,24.5,0
Ahmedabad,23.0225,72.5714,2018-07-16,33.2,184.3,83.8,18.1,1
Ahmedabad,23.0225,72.5714,2018-07-23,31.8,105.3,47.2,20.7,0
Ahmedabad,23.0225,72.5714,2018-07-30,32.7,63.5,53.8,26.5,1
Ahmedabad,23.0225,72.5714,2018-08-06,33.3,5.6,2.5,23.4,0
Ahmedabad,23.0225,72.5714,2018-08-13,32.6,34.6,22.6,22.5,0
Ahmedabad,23.0225,72.5714,2018-08-20,32.7,60.7,24.8,22.7,0
Ahmedabad,23.0225,72.5714,2018-08-27,30.5,75.4,42.4,21.3,0
Ahmedabad,23.0225,72.5714,2018-09-03,30.0,83.2,62.0,17.0,1
Ahmedabad,23.0225,72.5714,2018-09-10,30.9,8.5,2.1,18.4,0
Ahmedabad,23.0225,72.5714,2018-09-17,31.0,1.9,1.0,16.4,0
Ahmedabad,23.0225,72.5714,2018-09-24,34.1,34.0,27.0,21.8,0
Ahmedabad,23.0225,72.5714,2018-10-01,35.3,0.0,0.0,12.2,0
Ahmedabad,23.0225,72.5714,2018-10-08,36.2,0.0,0.0,12.5,0
Ahmedabad,23.0225,72.5714,2018-10-15,36.5,0.0,0.0,11.0,0
Ahmedabad,23.0225,72.5714,2018-10-22,36.1,0.0,0.0,11.0,0
Ahmedabad,23.0225,72.5714,2018-10-29,35.5,0.0,0.0,12.8,0
Ahmedabad,23.0225,72.5714,2018-11-05,34.7,0.0,0.0,15.9,0
Ahmedabad,23.0225,72.5714,2018-11-12,33.3,0.0,0.0,14.2,0
Ahmedabad,23.0225,72.5714,2018-11-19,33.1,0.0,0.0,13.4,0
Ahmedabad,23.0225,72.5714,2018-11-26,33.4,0.0,0.0,14.6,0
Ahmedabad,23.0225,72.5714,2018-12-03,30.4,0.0,0.0,15.3,0
Ahmedabad,23.0225,72.5714,2018-12-10,29.8,0.0,0.0,13.6,0
Ahmedabad,23.0225,72.5714,2018-12-17,28.5,0.0,0.0,20.9,0
Ahmedabad,23.0225,72.5714,2018-12-24,28.8,0.0,0.0,16.6,0
Ahmedabad,23.0225,72.5714,2018-12-31,27.3,0.0,0.0,18.0,0
Ahmedabad,23.0225,72.5714,2019-01-07,28.5,0.0,0.0,18.6,0
Ahmedabad,23.0225,72.5714,2019-01-14,27.4,0.0,0.0,18.7,0
Ahmedabad,23.0225,72.5714,2019-01-21,31.7,0.0,0.0,16.6,0
Ahmedabad,23.0225,72.5714,2019-01-28,25.4,0.0,0.0,20.0,0
Ahmedabad,23.0225,72.5714,2019-02-04,31.9,0.0,0.0,18.9,0
Ahmedabad,23.0225,72.5714,2019-02-11,30.4,0.0,0.0,24.9,0
Ahmedabad,23.0225,72.5714,2019-02-18,31.4,0.0,0.0,19.0,0
Ahmedabad,23.0225,72.5714,2019-02-25,35.0,0.0,0.0,17.1,0
Ahmedabad,23.0225,72.5714,2019-03-04,34.6,0.4,0.4,28.6,0
Ahmedabad,23.0225,72.5714,2019-03-11,32.5,0.0,0.0,16.8,0
Ahmedabad,23.0225,72.5714,2019-03-18,33.8,0.0,0.0,20.6,0
Ahmedabad,23.0225,72.5714,2019-03-25,37.4,0.0,0.0,19.6,0
Ahmedabad,23.0225,72.5714,2019-04-01,40.3,0.0,0.0,16.4,0
Ahmedabad,23.0225,72.5714,2019-04-08,40.8,0.0,0.0,16.4,0
Ahmedabad,23.0225,72.5714,2019-04-15,41.2,0.3,0.3,22.0,0
Ahmedabad,23.0225,72.5714,2019-04-22,40.0,0.0,0.0,23.9,0
Ahmedabad,23.0225,72.5714,2019-04-29,42.8,0.0,0.0,22.7,0
Ahmedabad,23.0225,72.5714,2019-05-06,41.2,0.0,0.0,22.7,0
Ahmedabad,23.0225,72.5714,2019-05-13,40.6,0.0,0.0,19.2,0
Ahmedabad,23.0225,72.5714,2019-05-20,40.3,0.0,0.0,26.3,0
Ahmedabad,23.0225,72.5714,2019-05-27,41.7,0.0,0.0,20.1,0
Ahmedabad,23.0225,72.5714,2019-06-03,43.7,0.0,0.0,22.5,0
Ahmedabad,23.0225,72.5714,2019-06-10,43.7,0.0,0.0,22.2,0
Ahmedabad,23.0225,72.5714,2019-06-17,41.8,7.8,2.8,28.2,0
Ahmedabad,23.0225,72.5714,2019-06-24,39.7,30.099999999999998,24.9,29.8,0
Ahmedabad,23.0225,72.5714,2019-07-01,35.6,46.3,29.2,19.5,0
Ahmedabad,23.0225,72.5714,2019-07-08,36.2,50.199999999999996,22.2,21.0,0
Ahmedabad,23.0225,72.5714,2019-07-15,37.8,1.1,0.3,27.8,0
Ahmedabad,23.0225,72.5714,2019-07-22,39.0,34.5,23.4,23.8,0
Ahmedabad,23.0225,72.5714,2019-07-29,36.6,28.5,8.1,29.6,0
Ahmedabad,23.0225,72.5714,2019-08-05,31.5,183.8,81.7,26.7,1
Ahmedabad,23.0225,72.5714,2019-08-12,31.9,274.3,120.8,38.6,1
Ahmedabad,23.0225,72.5714,2019-08-19,32.0,58.8,22.5,18.0,0
Ahmedabad,23.0225,72.5714,2019-08-26,31.6,18.9,5.1,17.6,0
Ahmedabad,23.0225,72.5714,2019-09-02,31.8,61.1,17.8,19.9,0
Ahmedabad,23.0225,72.5714,2019-09-09,31.9,99.2,34.4,13.2,0
Ahmedabad,23.0225,72.5714,2019-09-16,31.1,62.1,29.4,19.3,0
Ahmedabad,23.0225,72.5714,2019-09-23,33.5,62.3,32.4,16.7,0
Ahmedabad,23.0225,72.5714,2019-09-30,31.4,158.4,55.0,33.9,1
Ahmedabad,23.0225,72.5714,2019-10-07,31.7,25.1,14.9,31.0,0
Ahmedabad,23.0225,72.5714,2019-10-14,33.8,0.6000000000000001,0.4,10.9,0
Ahmedabad,23.0225,72.5714,2019-10-21,34.3,0.0,0.0,17.1,0
Ahmedabad,23.0225,72.5714,2019-10-28,33.0,5.0,2.4,20.5,0
Ahmedabad,23.0225,72.5714,2019-11-04,33.3,18.5,10.2,14.2,0
Ahmedabad,23.0225,72.5714,2019-11-11,31.9,9.6,5.8,15.0,0
Ahmedabad,23.0225,72.5714,2019-11-18,32.5,0.0,0.0,14.4,0
Ahmedabad,23.0225,72.5714,2019-11-25,31.8,0.0,0.0,11.9,0
Ahmedabad,23.0225,72.5714,2019-12-02,31.0,0.2,0.2,16.9,0
Ahmedabad,23.0225,72.5714,2019-12-09,29.6,0.0,0.0,19.5,0
Ahmedabad,23.0225,72.5714,2019-12-16,28.4,0.0,0.0,18.1,0
Ahmedabad,23.0225,72.5714,2019-12-23,28.5,0.0,0.0,19.0,0
Ahmedabad,23.0225,72.5714,2019-12-30,28.5,0.0,0.0,20.3,0
Ahmedabad,23.0225,72.5714,2020-01-06,27.2,0.0,0.0,16.6,0
Ahmedabad,23.0225,72.5714,2020-01-13,29.2,1.1,1.1,23.2,0
Ahmedabad,23.0225,72.5714,2020-01-20,25.9,0.0,0.0,16.9,0
Ahmedabad,23.0225,72.5714,2020-01-27,29.3,0.0,0.0,21.4,0
Ahmedabad,23.0225,72.5714,2020-02-03,27.9,0.0,0.0,20.3,0
Ahmedabad,23.0225,72.5714,2020-02-10,28.5,0.0,0.0,20.3,0
Ahmedabad,23.0225,72.5714,2020-02-17,34.0,0.0,0.0,19.8,0
Ahmedabad,23.0225,72.5714,2020-02-24,34.0,0.0,0.0,18.2,0
Ahmedabad,23.0225,72.5714,2020-03-02,34.2,0.0,0.0,13.8,0
Ahmedabad,23.0225,72.5714,2020-03-09,33.5,0.7,0.7,21.3,0
Ahmedabad,23.0225,72.5714,2020-03-16,34.0,0.1,0.1,24.1,0
Ahmedabad,23.0225,72.5714,2020-03-23,37.2,0.0,0.0,16.6,0
Ahmedabad,23.0225,72.5714,2020-03-30,37.2,4.1,4.0,19.0,0
Ahmedabad,23.0225,72.5714,2020-04-06,38.7,0.0,0.0,17.4,0
Ahmedabad,23.0225,72.5714,2020-04-13,41.5,0.0,0.0,21.5,0
Ahmedabad,23.0225,72.5714,2020-04-20,41.2,0.0,0.0,20.9,0
Ahmedabad,23.0225,72.5714,2020-04-27,41.0,0.0,0.0,26.0,0
Ahmedabad,23.0225,72.5714,2020-05-04,42.2,0.0,0.0,22.0,0
Ahmedabad,23.0225,72.5714,2020-05-11,42.5,0.0,0.0,16.9,0
Ahmedabad,23.0225,72.5714,2020-05-18,41.4,0.0,0.0,21.2,0
Ahmedabad,23.0225,72.5714,2020-05-25,43.5,0.0,0.0,20.2,0
Ahmedabad,23.0225,72.5714,2020-06-01,43.4,0.0,0.0,25.5,0
Ahmedabad,23.0225,72.5714,2020-06-08,39.8,24.6,15.0,23.2,0
Ahmedabad,23.0225,72.5714,2020-06-15,37.5,36.199999999999996,29.7,16.8,0
Ahmedabad,23.0225,72.5714,2020-06-22,37.1,1.7,0.8,22.3,0
Ahmedabad,23.0225,72.5714,2020-06-29,39.0,12.1,4.1,20.2,0
Ahmedabad,23.0225,72.5714,2020-07-06,38.0,22.0,14.0,23.6,0
Ahmedabad,23.0225,72.5714,2020-07-13,34.0,52.400000000000006,20.0,29.3,0
Ahmedabad,23.0225,72.5714,2020-07-20,34.2,45.7,18.6,20.9,0
Ahmedabad,23.0225,72.5714,2020-07-27,34.8,17.9,7.9,20.3,0
Ahmedabad,23.0225,72.5714,2020-08-03,35.1,29.9,17.2,16.9,0
Ahmedabad,23.0225,72.5714,2020-08-10,35.8,95.8,35.5,20.9,0
Ahmedabad,23.0225,72.5714,2020-08-17,31.5,227.4,101.4,23.0,1
Ahmedabad,23.0225,72.5714,2020-08-24,29.8,186.5,80.3,38.5,1
Ahmedabad,23.0225,72.5714,2020-08-31,31.8,160.2,101.1,30.4,1
Ahmedabad,23.0225,72.5714,2020-09-07,33.0,3.9,1.5,16.2,0
Ahmedabad,23.0225,72.5714,2020-09-14,33.2,31.4,21.4,13.6,0
Ahmedabad,23.0225,72.5714,2020-09-21,34.2,30.0,8.8,14.2,0
Ahmedabad,23.0225,72.5714,2020-09-28,34.8,6.799999999999999,5.1,16.1,0
Ahmedabad,23.0225,72.5714,2020-10-05,34.6,0.30000000000000004,0.2,13.7,0
Ahmedabad,23.0225,72.5714,2020-10-12,36.2,0.0,0.0,12.3,0
Ahmedabad,23.0225,72.5714,2020-10-19,36.0,16.1,8.1,18.8,0
Ahmedabad,23.0225,72.5714,2020-10-26,35.0,3.5,1.6,13.4,0
Ahmedabad,23.0225,72.5714,2020-11-02,33.5,0.0,0.0,18.3,0
Ahmedabad,23.0225,72.5714,2020-11-09,32.8,0.0,0.0,13.4,0
Ahmedabad,23.0225,72.5714,2020-11-16,33.2,0.0,0.0,15.8,0
Ahmedabad,23.0225,72.5714,2020-11-23,32.3,0.0,0.0,15.8,0
Ahmedabad,23.0225,72.5714,2020-11-30,32.5,0.0,0.0,23.4,0
Ahmedabad,23.0225,72.5714,2020-12-07,32.8,0.0,0.0,13.6,0
Ahmedabad,23.0225,72.5714,2020-12-14,32.6,4.7,4.2,21.3,0
Ahmedabad,23.0225,72.5714,2020-12-21,27.6,0.0,0.0,17.3,0
Ahmedabad,23.0225,72.5714,2020-12-28,29.6,0.0,0.0,17.3,0
Ahmedabad,23.0225,72.5714,2021-01-04,28.1,0.0,0.0,19.3,0
Ahmedabad,23.0225,72.5714,2021-01-11,29.9,0.0,0.0,17.4,0
Ahmedabad,23.0225,72.5714,2021-01-18,30.9,0.0,0.0,14.6,0
Ahmedabad,23.0225,72.5714,2021-01-25,30.0,0.0,0.0,18.8,0
Ahmedabad,23.0225,72.5714,2021-02-01,30.5,0.0,0.0,18.0,0
Ahmedabad,23.0225,72.5714,2021-02-08,31.6,0.0,0.0,21.4,0
Ahmedabad,23.0225,72.5714,2021-02-15,33.3,0.0,0.0,12.7,0
Ahmedabad,23.0225,72.5714,2021-02-22,34.0,0.0,0.0,20.1,0
Ahmedabad,23.0225,72.5714,2021-03-01,36.0,0.0,0.0,17.1,0
Ahmedabad,23.0225,72.5714,2021-03-08,37.9,0.0,0.0,14.1,0
Ahmedabad,23.0225,72.5714,2021-03-15,37.2,0.0,0.0,19.1,0
Ahmedabad,23.0225,72.5714,2021-03-22,38.3,0.0,0.0,14.1,0
Ahmedabad,23.0225,72.5714,2021-03-29,41.2,0.0,0.0,19.9,0
Ahmedabad,23.0225,72.5714,2021-04-05,41.5,0.0,0.0,24.8,0
Ahmedabad,23.0225,72.5714,2021-04-12,41.7,0.0,0.0,20.5,0
Ahmedabad,23.0225,72.5714,2021-04-19,40.7,0.0,0.0,17.8,0
Ahmedabad,23.0225,72.5714,2021-04-26,41.9,0.0,0.0,23.9,0
Ahmedabad,23.0225,72.5714,2021-05-03,42.0,0.0,0.0,22.6,0
Ahmedabad,23.0225,72.5714,2021-05-10,41.4,0.0,0.0,17.7,0
Ahmedabad,23.0225,72.5714,2021-05-17,42.7,5.1,4.0,29.7,0
Ahmedabad,23.0225,72.5714,2021-05-24,35.7,93.4,92.5,57.5,1
Ahmedabad,23.0225,72.5714,2021-05-31,38.8,0.0,0.0,22.0,0
Ahmedabad,23.0225,72.5714,2021-06-07,39.0,0.7,0.5,22.8,0
Ahmedabad,23.0225,72.5714,2021-06-14,40.5,0.5,0.2,24.4,0
Ahmedabad,23.0225,72.5714,2021-06-21,39.8,129.7,46.7,27.3,0
Ahmedabad,23.0225,72.5714,2021-06-28,34.0,12.0,6.3,16.8,0
Ahmedabad,23.0225,72.5714,2021-07-05,36.7,1.2,0.5,22.7,0
Ahmedabad,23.0225,72.5714,2021-07-12,37.8,56.2,28.0,18.9,0
Ahmedabad,23.0225,72.5714,2021-07-19,34.8,26.7,8.0,20.3,0
Ahmedabad,23.0225,72.5714,2021-07-26,34.5,217.10000000000002,106.5,27.4,1
Ahmedabad,23.0225,72.5714,2021-08-02,32.0,16.7,3.6,28.4,0
Ahmedabad,23.0225,72.5714,2021-08-09,33.0,2.2,0.8,23.3,0
Ahmedabad,23.0225,72.5714,2021-08-16,33.5,2.6,0.7,17.2,0
Ahmedabad,23.0225,72.5714,2021-08-23,34.9,20.6,8.3,17.6,0
Ahmedabad,23.0225,72.5714,2021-08-30,34.0,8.3,5.3,20.5,0
Ahmedabad,23.0225,72.5714,2021-09-06,31.9,81.60000000000001,34.7,22.1,0
Ahmedabad,23.0225,72.5714,2021-09-13,32.9,132.2,42.5,20.0,0
Ahmedabad,23.0225,72.5714,2021-09-20,30.9,80.6,23.5,17.7,0
Ahmedabad,23.0225,72.5714,2021-09-27,30.4,81.5,19.5,18.2,0
Ahmedabad,23.0225,72.5714,2021-10-04,32.1,66.2,48.7,35.6,0
Ahmedabad,23.0225,72.5714,2021-10-11,33.8,3.3000000000000003,1.5,11.6,0
Ahmedabad,23.0225,72.5714,2021-10-18,34.8,0.8,0.8,20.7,0
Ahmedabad,23.0225,72.5714,2021-10-25,34.0,0.4,0.3,16.6,0
Ahmedabad,23.0225,72.5714,2021-11-01,33.4,0.1,0.1,16.5,0
Ahmedabad,23.0225,72.5714,2021-11-08,32.9,0.0,0.0,18.4,0
Ahmedabad,23.0225,72.5714,2021-11-15,33.0,0.0,0.0,20.8,0
Ahmedabad,23.0225,72.5714,2021-11-22,33.7,0.4,0.2,19.8,0
Ahmedabad,23.0225,72.5714,2021-11-29,33.5,0.0,0.0,18.1,0
Ahmedabad,23.0225,72.5714,2021-12-06,30.9,4.3,3.4,23.3,0
Ahmedabad,23.0225,72.5714,2021-12-13,29.2,0.0,0.0,19.2,0
Ahmedabad,23.0225,72.5714,2021-12-20,28.4,0.0,0.0,20.8,0
Ahmedabad,23.0225,72.5714,2021-12-27,28.2,0.1,0.1,20.7,0
Ahmedabad,23.0225,72.5714,2022-01-03,28.3,5.6,5.6,21.7,0
Ahmedabad,23.0225,72.5714,2022-01-10,29.3,4.9,4.7,21.6,0
Ahmedabad,23.0225,72.5714,2022-01-17,27.0,0.0,0.0,16.6,0
Ahmedabad,23.0225,72.5714,2022-01-24,28.5,0.30000000000000004,0.2,27.0,0
Ahmedabad,23.0225,72.5714,2022-01-31,27.5,0.0,0.0,16.3,0
Ahmedabad,23.0225,72.5714,2022-02-07,29.8,0.0,0.0,16.5,0
Ahmedabad,23.0225,72.5714,2022-02-14,30.1,0.0,0.0,20.0,0
Ahmedabad,23.0225,72.5714,2022-02-21,33.1,0.0,0.0,16.9,0
Ahmedabad,23.0225,72.5714,2022-02-28,33.8,0.0,0.0,20.3,0
Ahmedabad,23.0225,72.5714,2022-03-07,36.0,0.0,0.0,22.0,0
Ahmedabad,23.0225,72.5714,2022-03-14,39.0,0.0,0.0,15.7,0
Ahmedabad,23.0225,72.5714,2022-03-21,40.5,0.0,0.0,17.1,0
Ahmedabad,23.0225,72.5714,2022-03-28,41.2,0.0,0.0,19.7,0
Ahmedabad,23.0225,72.5714,2022-04-04,42.2,0.0,0.0,19.6,0
Ahmedabad,23.0225,72.5714,2022-04-11,43.5,0.0,0.0,17.4,0
Ahmedabad,23.0225,72.5714,2022-04-18,42.0,0.0,0.0,17.9,0
Ahmedabad,23.0225,72.5714,2022-04-25,42.0,0.0,0.0,26.7,0
Ahmedabad,23.0225,72.5714,2022-05-02,44.0,0.0,0.0,24.7,0
Ahmedabad,23.0225,72.5714,2022-05-09,43.8,0.0,0.0,21.9,0
Ahmedabad,23.0225,72.5714,2022-05-16,45.3,0.0,0.0,23.3,1
Ahmedabad,23.0225,72.5714,2022-05-23,42.8,0.0,0.0,29.5,0
Ahmedabad,23.0225,72.5714,2022-05-30,41.0,0.2,0.1,25.3,0
Ahmedabad,23.0225,72.5714,2022-06-06,42.7,0.0,0.0,22.9,0
Ahmedabad,23.0225,72.5714,2022-06-13,40.9,5.9,3.1,25.3,0
Ahmedabad,23.0225,72.5714,2022-06-20,38.7,9.9,3.2,25.6,0
Ahmedabad,23.0225,72.5714,2022-06-27,41.1,13.399999999999999,9.6,25.2,0
Ahmedabad,23.0225,72.5714,2022-07-04,37.9,64.6,27.5,23.0,0
Ahmedabad,23.0225,72.5714,2022-07-11,32.4,333.1,168.3,26.6,1
Ahmedabad,23.0225,72.5714,2022-07-18,32.4,69.2,23.5,31.2,0
Ahmedabad,23.0225,72.5714,2022-07-25,32.6,138.6,73.5,19.7,1
Ahmedabad,23.0225,72.5714,2022-08-01,32.6,10.2,4.3,16.6,0
Ahmedabad,23.0225,72.5714,2022-08-08,32.5,51.1,19.7,16.3,0
Ahmedabad,23.0225,72.5714,2022-08-15,32.0,70.10000000000001,18.3,29.5,0
Ahmedabad,23.0225,72.5714,2022-08-22,31.8,51.4,19.3,25.3,0
Ahmedabad,23.0225,72.5714,2022-08-29,31.2,35.3,19.3,22.5,0
Ahmedabad,23.0225,72.5714,2022-09-05,33.0,5.4,1.5,16.8,0
Ahmedabad,23.0225,72.5714,2022-09-12,35.8,40.1,17.6,17.5,0
Ahmedabad,23.0225,72.5714,2022-09-19,31.8,47.1,27.9,21.5,0
Ahmedabad,23.0225,72.5714,2022-09-26,31.5,2.1,1.7,20.2,0
Ahmedabad,23.0225,72.5714,2022-10-03,34.0,2.2,2.0,14.8,0
Ahmedabad,23.0225,72.5714,2022-10-10,36.3,59.5,31.7,29.3,0
Ahmedabad,23.0225,72.5714,2022-10-17,34.1,0.0,0.0,17.6,0
Ahmedabad,23.0225,72.5714,2022-10-24,34.8,0.0,0.0,17.3,0
Ahmedabad,23.0225,72.5714,2022-10-31,34.5,0.0,0.0,17.6,0
Ahmedabad,23.0225,72.5714,2022-11-07,35.2,0.0,0.0,12.2,0
Ahmedabad,23.0225,72.5714,2022-11-14,34.0,0.0,0.0,17.8,0
Ahmedabad,23.0225,72.5714,2022-11-21,32.8,0.0,0.0,14.8,0
Ahmedabad,23.0225,72.5714,2022-11-28,31.2,0.0,0.0,16.0,0
Ahmedabad,23.0225,72.5714,2022-12-05,31.4,0.0,0.0,18.2,0
Ahmedabad,23.0225,72.5714,2022-12-12,32.8,0.0,0.0,15.8,0
Ahmedabad,23.0225,72.5714,2022-12-19,33.2,0.1,0.1,17.9,0
Ahmedabad,23.0225,72.5714,2022-12-26,32.0,0.0,0.0,17.4,0
Ahmedabad,23.0225,72.5714,2023-01-02,30.5,0.0,0.0,15.0,0
Ahmedabad,23.0225,72.5714,2023-01-09,30.0,0.0,0.0,22.3,0
Ahmedabad,23.0225,72.5714,2023-01-16,29.9,0.0,0.0,17.3,0
Ahmedabad,23.0225,72.5714,2023-01-23,29.2,0.0,0.0,17.3,0
Ahmedabad,23.0225,72.5714,2023-01-30,28.9,2.1,1.8,19.8,0
Ahmedabad,23.0225,72.5714,2023-02-06,31.7,0.0,0.0,20.3,0
Ahmedabad,23.0225,72.5714,2023-02-13,33.0,0.0,0.0,16.6,0
Ahmedabad,23.0225,72.5714,2023-02-20,36.8,0.0,0.0,13.1,0
Ahmedabad,23.0225,72.5714,2023-02-27,36.0,0.0,0.0,13.0,0
Ahmedabad,23.0225,72.5714,2023-03-06,38.7,0.8,0.8,22.6,0
Ahmedabad,23.0225,72.5714,2023-03-13,37.9,0.0,0.0,15.8,0
Ahmedabad,23.0225,72.5714,2023-03-20,37.8,5.9,3.0,24.5,0
Ahmedabad,23.0225,72.5714,2023-03-27,35.2,0.5,0.4,20.2,0
Ahmedabad,23.0225,72.5714,2023-04-03,36.5,5.1,5.1,20.6,0
Ahmedabad,23.0225,72.5714,2023-04-10,39.5,0.1,0.1,23.0,0
Ahmedabad,23.0225,72.5714,2023-04-17,40.8,0.0,0.0,19.1,0
Ahmedabad,23.0225,72.5714,2023-04-24,40.4,0.0,0.0,24.0,0
Ahmedabad,23.0225,72.5714,2023-05-01,40.0,17.200000000000003,16.1,24.3,0
Ahmedabad,23.0225,72.5714,2023-05-08,40.2,2.2,1.9,17.1,0
Ahmedabad,23.0225,72.5714,2023-05-15,43.7,0.0,0.0,23.1,0
Ahmedabad,23.0225,72.5714,2023-05-22,42.1,0.0,0.0,22.1,0
Ahmedabad,23.0225,72.5714,2023-05-29,42.5,0.2,0.1,26.4,0
Ahmedabad,23.0225,72.5714,2023-06-05,41.7,5.4,3.5,32.3,0
Ahmedabad,23.0225,72.5714,2023-06-12,42.4,1.5,0.9,33.0,0
Ahmedabad,23.0225,72.5714,2023-06-19,37.5,37.5,14.9,43.0,0
Ahmedabad,23.0225,72.5714,2023-06-26,39.0,33.2,19.2,19.1,0
Ahmedabad,23.0225,72.5714,2023-07-03,33.8,147.8,52.9,16.0,1
Ahmedabad,23.0225,72.5714,2023-07-10,33.8,204.3,111.4,19.7,1
Ahmedabad,23.0225,72.5714,2023-07-17,33.0,30.3,20.1,22.4,0
Ahmedabad,23.0225,72.5714,2023-07-24,32.8,176.4,43.5,22.0,0
Ahmedabad,23.0225,72.5714,2023-07-31,33.0,46.4,13.0,21.3,0
Ahmedabad,23.0225,72.5714,2023-08-07,32.8,11.8,4.2,26.7,0
Ahmedabad,23.0225,72.5714,2023-08-14,32.5,9.2,2.6,24.5,0
Ahmedabad,23.0225,72.5714,2023-08-21,33.3,3.2,1.2,19.2,0
Ahmedabad,23.0225,72.5714,2023-08-28,34.7,2.5,0.8,23.3,0
Ahmedabad,23.0225,72.5714,2023-09-04,34.8,1.1,0.5,15.6,0
Ahmedabad,23.0225,72.5714,2023-09-11,36.7,8.6,5.6,21.0,0
Ahmedabad,23.0225,72.5714,2023-09-18,34.9,114.5,60.9,28.5,1
Ahmedabad,23.0225,72.5714,2023-09-25,32.5,72.6,31.4,23.2,0
Ahmedabad,23.0225,72.5714,2023-10-02,35.7,30.599999999999998,15.7,13.4,0
Ahmedabad,23.0225,72.5714,2023-10-09,33.6,0.0,0.0,13.5,0
Ahmedabad,23.0225,72.5714,2023-10-16,35.5,1.0,0.8,15.1,0
Ahmedabad,23.0225,72.5714,2023-10-23,35.2,0.0,0.0,13.0,0
Ahmedabad,23.0225,72.5714,2023-10-30,34.5,0.0,0.0,14.7,0
Ahmedabad,23.0225,72.5714,2023-11-06,34.8,0.0,0.0,15.4,0
Ahmedabad,23.0225,72.5714,2023-11-13,34.7,0.0,0.0,15.5,0
Ahmedabad,23.0225,72.5714,2023-11-20,33.4,0.0,0.0,17.5,0
Ahmedabad,23.0225,72.5714,2023-11-27,32.8,61.6,60.5,24.7,1
Ahmedabad,23.0225,72.5714,2023-12-04,28.4,2.3000000000000003,1.6,18.9,0
Ahmedabad,23.0225,72.5714,2023-12-11,28.8,0.0,0.0,19.0,0
Ahmedabad,23.0225,72.5714,2023-12-18,30.4,0.0,0.0,21.5,0
Ahmedabad,23.0225,72.5714,2023-12-25,30.1,0.0,0.0,20.7,0
Ahmedabad,23.0225,72.5714,2024-01-01,30.2,0.0,0.0,16.9,0
